CREATE DATABASE  IF NOT EXISTS `preinscripcion` /*!40100 DEFAULT CHARACTER SET utf8 */;
USE `preinscripcion`;

SET NAMES utf8 ;
-- phpMyAdmin SQL Dump
-- version 4.8.3
-- https://www.phpmyadmin.net/
--
-- Servidor: 127.0.0.1
-- Tiempo de generación: 22-03-2019 a las 17:22:05
-- Versión del servidor: 10.1.37-MariaDB
-- Versión de PHP: 7.2.11

SET SQL_MODE = "NO_AUTO_VALUE_ON_ZERO";
SET AUTOCOMMIT = 0;
START TRANSACTION;
SET time_zone = "+00:00";


/*!40101 SET @OLD_CHARACTER_SET_CLIENT=@@CHARACTER_SET_CLIENT */;
/*!40101 SET @OLD_CHARACTER_SET_RESULTS=@@CHARACTER_SET_RESULTS */;
/*!40101 SET @OLD_COLLATION_CONNECTION=@@COLLATION_CONNECTION */;
/*!40101 SET NAMES utf8mb4 */;

--
-- Base de datos: `preinscripcion`
--

-- --------------------------------------------------------

--
-- Estructura de tabla para la tabla `cabecera`
--

CREATE TABLE `cabecera` (
  `ID_CABECERA` int(11) NOT NULL COMMENT 'ID de la cabecera',
  `CATEGORIA` int(11) NOT NULL COMMENT 'Tipo de inscripción',
  `PROGRAMA` varchar(45) NOT NULL COMMENT 'Programa al que se inscribe',
  `FACULTAD` varchar(45) NOT NULL COMMENT 'Facultad a la que se inscribe',
  `ID_PREGUNTAS` int(11) NOT NULL
) ENGINE=InnoDB DEFAULT CHARSET=utf8;

--
-- Volcado de datos para la tabla `cabecera`
--

INSERT INTO `cabecera` (`ID_CABECERA`, `CATEGORIA`, `PROGRAMA`, `FACULTAD`, `ID_PREGUNTAS`) VALUES
(13, 1, 'Gestion de Proyectos', 'FCE', 123);

-- --------------------------------------------------------

--
-- Estructura de tabla para la tabla `categoria`
--

CREATE TABLE `categoria` (
  `ID_CATEGORIA` int(11) NOT NULL COMMENT 'ID de la categoria',
  `NOMB_CATEGORIA` varchar(45) NOT NULL COMMENT 'nombre de la categoría'
) ENGINE=InnoDB DEFAULT CHARSET=utf8;

--
-- Volcado de datos para la tabla `categoria`
--

INSERT INTO `categoria` (`ID_CATEGORIA`, `NOMB_CATEGORIA`) VALUES
(1, 'ESPECIALIZACION'),
(2, 'MAESTRIA'),
(3, 'DOCTORADO');

-- --------------------------------------------------------

--
-- Estructura de tabla para la tabla `ciudad`
--

CREATE TABLE `ciudad` (
  `ID_CIUDAD` int(11) NOT NULL COMMENT 'ID de la ciudad',
  `NOMBRE_CIUDAD` varchar(45) NOT NULL COMMENT 'Nombre de la ciudad',
  `ID_DPTO` int(11) NOT NULL COMMENT 'ID del departamento'
) ENGINE=InnoDB DEFAULT CHARSET=utf8;

--
-- Volcado de datos para la tabla `ciudad`
--

INSERT INTO `ciudad` (`ID_CIUDAD`, `NOMBRE_CIUDAD`, `ID_DPTO`) VALUES
(1, 'EL ENCANTO', 1),
(2, 'LA CHORRERA', 1),
(3, 'LA PEDRERA', 1),
(4, 'LA VICTORIA', 1),
(5, 'LETICIA', 1),
(6, 'MIRITI-PARANÁ', 1),
(7, 'PUERTO ALEGRÍA', 1),
(8, 'PUERTO ARICA', 1),
(9, 'PUERTO NARIÑO', 1),
(10, 'PUERTO SANTANDER', 1),
(11, 'TARAPACÁ', 1),
(12, 'ARBOLETES', 2),
(13, 'ARGELIA', 2),
(14, 'ARMENIA', 2),
(15, 'BARBOSA', 2),
(16, 'BELLO', 2),
(17, 'BELMIRA', 2),
(18, 'BETANIA', 2),
(19, 'BETULIA', 2),
(20, 'BRICEÑO', 2),
(21, 'BURITICÁ', 2),
(22, 'CÁCERES', 2),
(23, 'CAICEDO', 2),
(24, 'CALDAS', 2),
(25, 'CAMPAMENTO', 2),
(26, 'CAÑASGORDAS', 2),
(27, 'CARACOLÍ', 2),
(28, 'CARAMANTA', 2),
(29, 'CAREPA', 2),
(30, 'CAROLINA', 2),
(31, 'CAUCASIA', 2),
(32, 'CHIGORODÓ', 2),
(33, 'CISNEROS', 2),
(34, 'CIUDAD BOLÍVAR', 2),
(35, 'COCORNÁ', 2),
(36, 'CONCEPCIÓN', 2),
(37, 'CONCORDIA', 2),
(38, 'COPACABANA', 2),
(39, 'DABEIBA', 2),
(40, 'DON MATÍAS', 2),
(41, 'EBÉJICO', 2),
(42, 'EL BAGRE', 2),
(43, 'EL CARMEN DE VIBORAL', 2),
(44, 'EL SANTUARIO', 2),
(45, 'ENTRERRIOS', 2),
(46, 'ENVIGADO', 2),
(47, 'FREDONIA', 2),
(48, 'FRONTINO', 2),
(49, 'GIRALDO', 2),
(50, 'GIRARDOTA', 2),
(51, 'GÓMEZ PLATA', 2),
(52, 'GRANADA', 2),
(53, 'GUADALUPE', 2),
(54, 'GUARNE', 2),
(55, 'GUATAPE', 2),
(56, 'HELICONIA', 2),
(57, 'HISPANIA', 2),
(58, 'ITAGUI', 2),
(59, 'ITUANGO', 2),
(60, 'JARDÍN', 2),
(61, 'JERICÓ', 2),
(62, 'LA CEJA', 2),
(63, 'LA ESTRELLA', 2),
(64, 'LA PINTADA', 2),
(65, 'LA UNIÓN', 2),
(66, 'LIBORINA', 2),
(67, 'MACEO', 2),
(68, 'MARINILLA', 2),
(69, 'MEDELLÍN', 2),
(70, 'MONTEBELLO', 2),
(71, 'MURINDÓ', 2),
(72, 'MUTATÁ', 2),
(73, 'NARIÑO', 2),
(74, 'NECHÍ', 2),
(75, 'NECOCLÍ', 2),
(76, 'OLAYA', 2),
(77, 'PEÑOL', 2),
(78, 'PEQUE', 2),
(79, 'PUEBLORRICO', 2),
(80, 'PUERTO BERRÍO', 2),
(81, 'PUERTO NARE', 2),
(82, 'PUERTO TRIUNFO', 2),
(83, 'REMEDIOS', 2),
(84, 'RETIRO', 2),
(85, 'RIONEGRO', 2),
(86, 'SABANALARGA', 2),
(87, 'SABANETA', 2),
(88, 'SALGAR', 2),
(89, 'SAN ANDRÉS DE CUERQUÍA', 2),
(90, 'SAN CARLOS', 2),
(91, 'SAN FRANCISCO', 2),
(92, 'SAN JERÓNIMO', 2),
(93, 'SAN JOSÉ DE LA MONTAÑA', 2),
(94, 'SAN JUAN DE URABÁ', 2),
(95, 'SAN LUIS', 2),
(96, 'SAN PEDRO DE LOS MILAGROS', 2),
(97, 'SAN PEDRO DE URABA', 2),
(98, 'SAN RAFAEL', 2),
(99, 'SAN ROQUE', 2),
(100, 'SAN VICENTE', 2),
(101, 'SANTA BÁRBARA', 2),
(102, 'SANTA ROSA DE OSOS', 2),
(103, 'SANTAFÉ DE ANTIOQUIA', 2),
(104, 'SANTO DOMINGO', 2),
(105, 'SEGOVIA', 2),
(106, 'SONSON', 2),
(107, 'SOPETRÁN', 2),
(108, 'TÁMESIS', 2),
(109, 'TARAZÁ', 2),
(110, 'TARSO', 2),
(111, 'TITIRIBÍ', 2),
(112, 'TOLEDO', 2),
(113, 'TURBO', 2),
(114, 'URAMITA', 2),
(115, 'URRAO', 2),
(116, 'VALDIVIA', 2),
(117, 'VALPARAÍSO', 2),
(118, 'VEGACHÍ', 2),
(119, 'VENECIA', 2),
(120, 'VIGÍA DEL FUERTE', 2),
(121, 'YALÍ', 2),
(122, 'YARUMAL', 2),
(123, 'YOLOMBÓ', 2),
(124, 'YONDÓ', 2),
(125, 'ZARAGOZA', 2),
(126, 'ABEJORRAL', 2),
(127, 'ABRIAQUÍ', 2),
(128, 'ALEJANDRÍA', 2),
(129, 'AMAGÁ', 2),
(130, 'AMALFI', 2),
(131, 'ANDES', 2),
(132, 'ANGELÓPOLIS', 2),
(133, 'ANGOSTURA', 2),
(134, 'ANORÍ', 2),
(135, 'ANZA', 2),
(136, 'APARTADÓ', 2),
(137, 'ARAUCA', 3),
(138, 'ARAUQUITA', 3),
(139, 'CRAVO NORTE', 3),
(140, 'FORTUL', 3),
(141, 'PUERTO RONDÓN', 3),
(142, 'SARAVENA', 3),
(143, 'TAME', 3),
(144, 'PROVIDENCIA', 4),
(145, 'SAN ANDRÉS', 4),
(146, 'BARANOA', 5),
(147, 'BARRANQUILLA', 5),
(148, 'CAMPO DE LA CRUZ', 5),
(149, 'CANDELARIA', 5),
(150, 'GALAPA', 5),
(151, 'JUAN DE ACOSTA', 5),
(152, 'LURUACO', 5),
(153, 'MALAMBO', 5),
(154, 'MANATÍ', 5),
(155, 'PALMAR DE VARELA', 5),
(156, 'PIOJÓ', 5),
(157, 'POLONUEVO', 5),
(158, 'PONEDERA', 5),
(159, 'PUERTO COLOMBIA', 5),
(160, 'REPELÓN', 5),
(161, 'SABANAGRANDE', 5),
(162, 'SABANALARGA', 5),
(163, 'SANTA LUCÍA', 5),
(164, 'SANTO TOMÁS', 5),
(165, 'SOLEDAD', 5),
(166, 'SUAN', 5),
(167, 'TUBARÁ', 5),
(168, 'USIACURÍ', 5),
(169, 'BOGOTÁ, D.C.', 6),
(170, 'ACHÍ', 7),
(171, 'ALTOS DEL ROSARIO', 7),
(172, 'ARENAL', 7),
(173, 'ARJONA', 7),
(174, 'ARROYOHONDO', 7),
(175, 'BARRANCO DE LOBA', 7),
(176, 'CALAMAR', 7),
(177, 'CANTAGALLO', 7),
(178, 'CARTAGENA', 7),
(179, 'CICUCO', 7),
(180, 'CLEMENCIA', 7),
(181, 'CÓRDOBA', 7),
(182, 'EL CARMEN DE BOLÍVAR', 7),
(183, 'EL GUAMO', 7),
(184, 'EL PEÑÓN', 7),
(185, 'HATILLO DE LOBA', 7),
(186, 'MAGANGUÉ', 7),
(187, 'MAHATES', 7),
(188, 'MARGARITA', 7),
(189, 'MARÍA LA BAJA', 7),
(190, 'MOMPÓS', 7),
(191, 'MONTECRISTO', 7),
(192, 'MORALES', 7),
(193, 'PINILLOS', 7),
(194, 'REGIDOR', 7),
(195, 'RÍO VIEJO', 7),
(196, 'SAN CRISTÓBAL', 7),
(197, 'SAN ESTANISLAO', 7),
(198, 'SAN FERNANDO', 7),
(199, 'SAN JACINTO', 7),
(200, 'SAN JACINTO DEL CAUCA', 7),
(201, 'SAN JUAN NEPOMUCENO', 7),
(202, 'SAN MARTÍN DE LOBA', 7),
(203, 'SAN PABLO', 7),
(204, 'SANTA CATALINA', 7),
(205, 'SANTA ROSA', 7),
(206, 'SANTA ROSA DEL SUR', 7),
(207, 'SIMITÍ', 7),
(208, 'SOPLAVIENTO', 7),
(209, 'TALAIGUA NUEVO', 7),
(210, 'TIQUISIO', 7),
(211, 'TURBACO', 7),
(212, 'TURBANÁ', 7),
(213, 'VILLANUEVA', 7),
(214, 'ZAMBRANO', 7),
(215, 'ALMEIDA', 8),
(216, 'AQUITANIA', 8),
(217, 'ARCABUCO', 8),
(218, 'BELÉN', 8),
(219, 'BERBEO', 8),
(220, 'BETÉITIVA', 8),
(221, 'BOAVITA', 8),
(222, 'BOYACÁ', 8),
(223, 'BRICEÑO', 8),
(224, 'BUENAVISTA', 8),
(225, 'BUSBANZÁ', 8),
(226, 'CALDAS', 8),
(227, 'CAMPOHERMOSO', 8),
(228, 'CERINZA', 8),
(229, 'CHINAVITA', 8),
(230, 'CHIQUINQUIRÁ', 8),
(231, 'CHÍQUIZA', 8),
(232, 'CHISCAS', 8),
(233, 'CHITA', 8),
(234, 'CHITARAQUE', 8),
(235, 'CHIVATÁ', 8),
(236, 'CHIVOR', 8),
(237, 'CIÉNEGA', 8),
(238, 'CÓMBITA', 8),
(239, 'COPER', 8),
(240, 'CORRALES', 8),
(241, 'COVARACHÍA', 8),
(242, 'CUBARÁ', 8),
(243, 'CUCAITA', 8),
(244, 'CUÍTIVA', 8),
(245, 'DUITAMA', 8),
(246, 'EL COCUY', 8),
(247, 'EL ESPINO', 8),
(248, 'FIRAVITOBA', 8),
(249, 'FLORESTA', 8),
(250, 'GACHANTIVÁ', 8),
(251, 'GAMEZA', 8),
(252, 'GARAGOA', 8),
(253, 'GUACAMAYAS', 8),
(254, 'GUATEQUE', 8),
(255, 'GUAYATÁ', 8),
(256, 'GÜICÁN', 8),
(257, 'IZA', 8),
(258, 'JENESANO', 8),
(259, 'JERICÓ', 8),
(260, 'LA CAPILLA', 8),
(261, 'LA UVITA', 8),
(262, 'LA VICTORIA', 8),
(263, 'LABRANZAGRANDE', 8),
(264, 'MACANAL', 8),
(265, 'MARIPÍ', 8),
(266, 'MIRAFLORES', 8),
(267, 'MONGUA', 8),
(268, 'MONGUÍ', 8),
(269, 'MONIQUIRÁ', 8),
(270, 'MOTAVITA', 8),
(271, 'MUZO', 8),
(272, 'NOBSA', 8),
(273, 'NUEVO COLÓN', 8),
(274, 'OICATÁ', 8),
(275, 'OTANCHE', 8),
(276, 'PACHAVITA', 8),
(277, 'PÁEZ', 8),
(278, 'PAIPA', 8),
(279, 'PAJARITO', 8),
(280, 'PANQUEBA', 8),
(281, 'PAUNA', 8),
(282, 'PAYA', 8),
(283, 'PAZ DE RÍO', 8),
(284, 'PESCA', 8),
(285, 'PISBA', 8),
(286, 'PUERTO BOYACÁ', 8),
(287, 'QUÍPAMA', 8),
(288, 'RAMIRIQUÍ', 8),
(289, 'RÁQUIRA', 8),
(290, 'RONDÓN', 8),
(291, 'SABOYÁ', 8),
(292, 'SÁCHICA', 8),
(293, 'SAMACÁ', 8),
(294, 'SAN EDUARDO', 8),
(295, 'SAN JOSÉ DE PARE', 8),
(296, 'SAN LUIS DE GACENO', 8),
(297, 'SAN MATEO', 8),
(298, 'SAN MIGUEL DE SEMA', 8),
(299, 'SAN PABLO DE BORBUR', 8),
(300, 'SANTA MARÍA', 8),
(301, 'SANTA ROSA DE VITERBO', 8),
(302, 'SANTA SOFÍA', 8),
(303, 'SANTANA', 8),
(304, 'SATIVANORTE', 8),
(305, 'SATIVASUR', 8),
(306, 'SIACHOQUE', 8),
(307, 'SOATÁ', 8),
(308, 'SOCHA', 8),
(309, 'SOCOTÁ', 8),
(310, 'SOGAMOSO', 8),
(311, 'SOMONDOCO', 8),
(312, 'SORA', 8),
(313, 'SORACÁ', 8),
(314, 'SOTAQUIRÁ', 8),
(315, 'SUSACÓN', 8),
(316, 'SUTAMARCHÁN', 8),
(317, 'SUTATENZA', 8),
(318, 'TASCO', 8),
(319, 'TENZA', 8),
(320, 'TIBANÁ', 8),
(321, 'TIBASOSA', 8),
(322, 'TINJACÁ', 8),
(323, 'TIPACOQUE', 8),
(324, 'TOCA', 8),
(325, 'TOGÜÍ', 8),
(326, 'TÓPAGA', 8),
(327, 'TOTA', 8),
(328, 'TUNJA', 8),
(329, 'TUNUNGUÁ', 8),
(330, 'TURMEQUÉ', 8),
(331, 'TUTA', 8),
(332, 'TUTAZÁ', 8),
(333, 'UMBITA', 8),
(334, 'VENTAQUEMADA', 8),
(335, 'VILLA DE LEYVA', 8),
(336, 'VIRACACHÁ', 8),
(337, 'ZETAQUIRA', 8),
(338, 'AGUADAS', 9),
(339, 'ANSERMA', 9),
(340, 'ARANZAZU', 9),
(341, 'BELALCÁZAR', 9),
(342, 'CHINCHINÁ', 9),
(343, 'FILADELFIA', 9),
(344, 'LA DORADA', 9),
(345, 'LA MERCED', 9),
(346, 'MANIZALES', 9),
(347, 'MANZANARES', 9),
(348, 'MARMATO', 9),
(349, 'MARQUETALIA', 9),
(350, 'MARULANDA', 9),
(351, 'NEIRA', 9),
(352, 'NORCASIA', 9),
(353, 'PÁCORA', 9),
(354, 'PALESTINA', 9),
(355, 'PENSILVANIA', 9),
(356, 'RIOSUCIO', 9),
(357, 'RISARALDA', 9),
(358, 'SALAMINA', 9),
(359, 'SAMANÁ', 9),
(360, 'SAN JOSÉ', 9),
(361, 'SUPÍA', 9),
(362, 'VICTORIA', 9),
(363, 'VILLAMARÍA', 9),
(364, 'VITERBO', 9),
(365, 'ALBANIA', 10),
(366, 'BELÉN DE LOS ANDAQUÍES', 10),
(367, 'CARTAGENA DEL CHAIRÁ', 10),
(368, 'CURILLO', 10),
(369, 'EL DONCELLO', 10),
(370, 'EL PAUJIL', 10),
(371, 'FLORENCIA', 10),
(372, 'LA MONTAÑITA', 10),
(373, 'MILÁN', 10),
(374, 'MORELIA', 10),
(375, 'PUERTO RICO', 10),
(376, 'SAN JOSÉ DEL FRAGUA', 10),
(377, 'SAN VICENTE DEL CAGUÁN', 10),
(378, 'SOLANO', 10),
(379, 'SOLITA', 10),
(380, 'VALPARAÍSO', 10),
(381, 'AGUAZUL', 11),
(382, 'CHAMEZA', 11),
(383, 'HATO COROZAL', 11),
(384, 'LA SALINA', 11),
(385, 'MANÍ', 11),
(386, 'MONTERREY', 11),
(387, 'NUNCHÍA', 11),
(388, 'OROCUÉ', 11),
(389, 'PAZ DE ARIPORO', 11),
(390, 'PORE', 11),
(391, 'RECETOR', 11),
(392, 'SABANALARGA', 11),
(393, 'SÁCAMA', 11),
(394, 'SAN LUIS DE PALENQUE', 11),
(395, 'TÁMARA', 11),
(396, 'TAURAMENA', 11),
(397, 'TRINIDAD', 11),
(398, 'VILLANUEVA', 11),
(399, 'YOPAL', 11),
(400, 'ALMAGUER', 12),
(401, 'ARGELIA', 12),
(402, 'BALBOA', 12),
(403, 'BOLÍVAR', 12),
(404, 'BUENOS AIRES', 12),
(405, 'CAJIBÍO', 12),
(406, 'CALDONO', 12),
(407, 'CALOTO', 12),
(408, 'CORINTO', 12),
(409, 'EL TAMBO', 12),
(410, 'FLORENCIA', 12),
(411, 'GUACHENÉ', 12),
(412, 'GUAPI', 12),
(413, 'INZÁ', 12),
(414, 'JAMBALÓ', 12),
(415, 'LA SIERRA', 12),
(416, 'LA VEGA', 12),
(417, 'LÓPEZ', 12),
(418, 'MERCADERES', 12),
(419, 'MIRANDA', 12),
(420, 'MORALES', 12),
(421, 'PADILLA', 12),
(422, 'PAEZ', 12),
(423, 'PATÍA', 12),
(424, 'PIAMONTE', 12),
(425, 'PIENDAMÓ', 12),
(426, 'POPAYÁN', 12),
(427, 'PUERTO TEJADA', 12),
(428, 'PURACÉ', 12),
(429, 'ROSAS', 12),
(430, 'SAN SEBASTIÁN', 12),
(431, 'SANTA ROSA', 12),
(432, 'SANTANDER DE QUILICHAO', 12),
(433, 'SILVIA', 12),
(434, 'SOTARA', 12),
(435, 'SUÁREZ', 12),
(436, 'SUCRE', 12),
(437, 'TIMBÍO', 12),
(438, 'TIMBIQUÍ', 12),
(439, 'TORIBIO', 12),
(440, 'TOTORÓ', 12),
(441, 'VILLA RICA', 12),
(442, 'EL COPEY', 13),
(443, 'EL PASO', 13),
(444, 'GAMARRA', 13),
(445, 'GONZÁLEZ', 13),
(446, 'LA GLORIA', 13),
(447, 'LA JAGUA DE IBIRICO', 13),
(448, 'LA PAZ', 13),
(449, 'MANAURE', 13),
(450, 'PAILITAS', 13),
(451, 'PELAYA', 13),
(452, 'PUEBLO BELLO', 13),
(453, 'RÍO DE ORO', 13),
(454, 'SAN ALBERTO', 13),
(455, 'SAN DIEGO', 13),
(456, 'SAN MARTÍN', 13),
(457, 'TAMALAMEQUE', 13),
(458, 'VALLEDUPAR', 13),
(459, 'AGUACHICA', 13),
(460, 'AGUSTÍN CODAZZI', 13),
(461, 'ASTREA', 13),
(462, 'BECERRIL', 13),
(463, 'BOSCONIA', 13),
(464, 'CHIMICHAGUA', 13),
(465, 'CHIRIGUANÁ', 13),
(466, 'CURUMANÍ', 13),
(467, 'ACANDÍ', 14),
(468, 'ALTO BAUDÓ', 14),
(469, 'ATRATO', 14),
(470, 'BAGADÓ', 14),
(471, 'BAHÍA SOLANO', 14),
(472, 'BAJO BAUDÓ', 14),
(473, 'BELÉN DE BAJIRÁ', 14),
(474, 'BOJAYA', 14),
(475, 'CARMEN DEL DARIEN', 14),
(476, 'CÉRTEGUI', 14),
(477, 'CONDOTO', 14),
(478, 'EL CANTÓN DEL SAN PABLO', 14),
(479, 'EL CARMEN DE ATRATO', 14),
(480, 'EL LITORAL DEL SAN JUAN', 14),
(481, 'ISTMINA', 14),
(482, 'JURADÓ', 14),
(483, 'LLORÓ', 14),
(484, 'MEDIO ATRATO', 14),
(485, 'MEDIO BAUDÓ', 14),
(486, 'MEDIO SAN JUAN', 14),
(487, 'NÓVITA', 14),
(488, 'NUQUÍ', 14),
(489, 'QUIBDÓ', 14),
(490, 'RÍO IRÓ', 14),
(491, 'RÍO QUITO', 14),
(492, 'RIOSUCIO', 14),
(493, 'SAN JOSÉ DEL PALMAR', 14),
(494, 'SIPÍ', 14),
(495, 'TADÓ', 14),
(496, 'UNGUÍA', 14),
(497, 'UNIÓN PANAMERICANA', 14),
(498, 'AYAPEL', 15),
(499, 'BUENAVISTA', 15),
(500, 'CANALETE', 15),
(501, 'CERETÉ', 15),
(502, 'CHIMÁ', 15),
(503, 'CHINÚ', 15),
(504, 'CIÉNAGA DE ORO', 15),
(505, 'COTORRA', 15),
(506, 'LA APARTADA', 15),
(507, 'LORICA', 15),
(508, 'LOS CÓRDOBAS', 15),
(509, 'MOMIL', 15),
(510, 'MONTELÍBANO', 15),
(511, 'MONTERÍA', 15),
(512, 'MOÑITOS', 15),
(513, 'PLANETA RICA', 15),
(514, 'PUEBLO NUEVO', 15),
(515, 'PUERTO ESCONDIDO', 15),
(516, 'PUERTO LIBERTADOR', 15),
(517, 'PURÍSIMA', 15),
(518, 'SAHAGÚN', 15),
(519, 'SAN ANDRÉS SOTAVENTO', 15),
(520, 'SAN ANTERO', 15),
(521, 'SAN BERNARDO DEL VIENTO', 15),
(522, 'SAN CARLOS', 15),
(523, 'SAN PELAYO', 15),
(524, 'TIERRALTA', 15),
(525, 'VALENCIA', 15),
(526, 'AGUA DE DIOS', 16),
(527, 'ALBÁN', 16),
(528, 'ANAPOIMA', 16),
(529, 'ANOLAIMA', 16),
(530, 'APULO', 16),
(531, 'ARBELÁEZ', 16),
(532, 'BELTRÁN', 16),
(533, 'BITUIMA', 16),
(534, 'BOJACÁ', 16),
(535, 'CABRERA', 16),
(536, 'CACHIPAY', 16),
(537, 'CAJICÁ', 16),
(538, 'CAPARRAPÍ', 16),
(539, 'CAQUEZA', 16),
(540, 'CARMEN DE CARUPA', 16),
(541, 'CHAGUANÍ', 16),
(542, 'CHÍA', 16),
(543, 'CHIPAQUE', 16),
(544, 'CHOACHÍ', 16),
(545, 'CHOCONTÁ', 16),
(546, 'COGUA', 16),
(547, 'COTA', 16),
(548, 'CUCUNUBÁ', 16),
(549, 'EL COLEGIO', 16),
(550, 'EL PEÑÓN', 16),
(551, 'EL ROSAL', 16),
(552, 'FACATATIVÁ', 16),
(553, 'FOMEQUE', 16),
(554, 'FOSCA', 16),
(555, 'FUNZA', 16),
(556, 'FÚQUENE', 16),
(557, 'FUSAGASUGÁ', 16),
(558, 'GACHALA', 16),
(559, 'GACHANCIPÁ', 16),
(560, 'GACHETÁ', 16),
(561, 'GAMA', 16),
(562, 'GIRARDOT', 16),
(563, 'GRANADA', 16),
(564, 'GUACHETÁ', 16),
(565, 'GUADUAS', 16),
(566, 'GUASCA', 16),
(567, 'GUATAQUÍ', 16),
(568, 'GUATAVITA', 16),
(569, 'GUAYABAL DE SIQUIMA', 16),
(570, 'GUAYABETAL', 16),
(571, 'GUTIÉRREZ', 16),
(572, 'JERUSALÉN', 16),
(573, 'JUNÍN', 16),
(574, 'LA CALERA', 16),
(575, 'LA MESA', 16),
(576, 'LA PALMA', 16),
(577, 'LA PEÑA', 16),
(578, 'LA VEGA', 16),
(579, 'LENGUAZAQUE', 16),
(580, 'MACHETA', 16),
(581, 'MADRID', 16),
(582, 'MANTA', 16),
(583, 'MEDINA', 16),
(584, 'MOSQUERA', 16),
(585, 'NARIÑO', 16),
(586, 'NEMOCÓN', 16),
(587, 'NILO', 16),
(588, 'NIMAIMA', 16),
(589, 'NOCAIMA', 16),
(590, 'PACHO', 16),
(591, 'PAIME', 16),
(592, 'PANDI', 16),
(593, 'PARATEBUENO', 16),
(594, 'PASCA', 16),
(595, 'PUERTO SALGAR', 16),
(596, 'PULÍ', 16),
(597, 'QUEBRADANEGRA', 16),
(598, 'QUETAME', 16),
(599, 'QUIPILE', 16),
(600, 'RICAURTE', 16),
(601, 'SAN ANTONIO DEL TEQUENDAMA', 16),
(602, 'SAN BERNARDO', 16),
(603, 'SAN CAYETANO', 16),
(604, 'SAN FRANCISCO', 16),
(605, 'SAN JUAN DE RÍO SECO', 16),
(606, 'SASAIMA', 16),
(607, 'SESQUILÉ', 16),
(608, 'SIBATÉ', 16),
(609, 'SILVANIA', 16),
(610, 'SIMIJACA', 16),
(611, 'SOACHA', 16),
(612, 'SOPÓ', 16),
(613, 'SUBACHOQUE', 16),
(614, 'SUESCA', 16),
(615, 'SUPATÁ', 16),
(616, 'SUSA', 16),
(617, 'SUTATAUSA', 16),
(618, 'TABIO', 16),
(619, 'TAUSA', 16),
(620, 'TENA', 16),
(621, 'TENJO', 16),
(622, 'TIBACUY', 16),
(623, 'TIBIRITA', 16),
(624, 'TOCAIMA', 16),
(625, 'TOCANCIPÁ', 16),
(626, 'TOPAIPÍ', 16),
(627, 'UBALÁ', 16),
(628, 'UBAQUE', 16),
(629, 'UNE', 16),
(630, 'ÚTICA', 16),
(631, 'VENECIA', 16),
(632, 'VERGARA', 16),
(633, 'VIANÍ', 16),
(634, 'VILLA DE SAN DIEGO DE UBATE', 16),
(635, 'VILLAGÓMEZ', 16),
(636, 'VILLAPINZÓN', 16),
(637, 'VILLETA', 16),
(638, 'VIOTÁ', 16),
(639, 'YACOPÍ', 16),
(640, 'ZIPACÓN', 16),
(641, 'ZIPAQUIRÁ', 16),
(642, 'BARRANCO MINAS', 17),
(643, 'CACAHUAL', 17),
(644, 'INÍRIDA', 17),
(645, 'LA GUADALUPE', 17),
(646, 'MAPIRIPANA', 17),
(647, 'MORICHAL', 17),
(648, 'PANA PANA', 17),
(649, 'PUERTO COLOMBIA', 17),
(650, 'SAN FELIPE', 17),
(651, 'CALAMAR', 18),
(652, 'EL RETORNO', 18),
(653, 'MIRAFLORES', 18),
(654, 'SAN JOSÉ DEL GUAVIARE', 18),
(655, 'ACEVEDO', 19),
(656, 'AGRADO', 19),
(657, 'AIPE', 19),
(658, 'ALGECIRAS', 19),
(659, 'ALTAMIRA', 19),
(660, 'BARAYA', 19),
(661, 'CAMPOALEGRE', 19),
(662, 'COLOMBIA', 19),
(663, 'ELÍAS', 19),
(664, 'GARZÓN', 19),
(665, 'GIGANTE', 19),
(666, 'GUADALUPE', 19),
(667, 'HOBO', 19),
(668, 'IQUIRA', 19),
(669, 'ISNOS', 19),
(670, 'LA ARGENTINA', 19),
(671, 'LA PLATA', 19),
(672, 'NÁTAGA', 19),
(673, 'NEIVA', 19),
(674, 'OPORAPA', 19),
(675, 'PAICOL', 19),
(676, 'PALERMO', 19),
(677, 'PALESTINA', 19),
(678, 'PITAL', 19),
(679, 'PITALITO', 19),
(680, 'RIVERA', 19),
(681, 'SALADOBLANCO', 19),
(682, 'SAN AGUSTÍN', 19),
(683, 'SANTA MARÍA', 19),
(684, 'SUAZA', 19),
(685, 'TARQUI', 19),
(686, 'TELLO', 19),
(687, 'TERUEL', 19),
(688, 'TESALIA', 19),
(689, 'TIMANÁ', 19),
(690, 'VILLAVIEJA', 19),
(691, 'YAGUARÁ', 19),
(692, 'ALBANIA', 20),
(693, 'BARRANCAS', 20),
(694, 'DIBULLA', 20),
(695, 'DISTRACCIÓN', 20),
(696, 'EL MOLINO', 20),
(697, 'FONSECA', 20),
(698, 'HATO NUEVO', 20),
(699, 'LA JAGUA DEL PILAR', 20),
(700, 'MAICAO', 20),
(701, 'MANAURE', 20),
(702, 'RIOHACHA', 20),
(703, 'SAN JUAN DEL CESAR', 20),
(704, 'URIBIA', 20),
(705, 'URUMITA', 20),
(706, 'VILLANUEVA', 20),
(707, 'ALGARROBO', 21),
(708, 'ARACATACA', 21),
(709, 'ARIGUANÍ', 21),
(710, 'CERRO SAN ANTONIO', 21),
(711, 'CHIBOLO', 21),
(712, 'CIÉNAGA', 21),
(713, 'CONCORDIA', 21),
(714, 'EL BANCO', 21),
(715, 'EL PIÑON', 21),
(716, 'EL RETÉN', 21),
(717, 'FUNDACIÓN', 21),
(718, 'GUAMAL', 21),
(719, 'NUEVA GRANADA', 21),
(720, 'PEDRAZA', 21),
(721, 'PIJIÑO DEL CARMEN', 21),
(722, 'PIVIJAY', 21),
(723, 'PLATO', 21),
(724, 'PUEBLOVIEJO', 21),
(725, 'REMOLINO', 21),
(726, 'SABANAS DE SAN ANGEL', 21),
(727, 'SALAMINA', 21),
(728, 'SAN SEBASTIÁN DE BUENAVISTA', 21),
(729, 'SAN ZENÓN', 21),
(730, 'SANTA ANA', 21),
(731, 'SANTA BÁRBARA DE PINTO', 21),
(732, 'SANTA MARTA', 21),
(733, 'SITIONUEVO', 21),
(734, 'TENERIFE', 21),
(735, 'ZAPAYÁN', 21),
(736, 'ZONA BANANERA', 21),
(737, 'ACACÍAS', 22),
(738, 'BARRANCA DE UPÍA', 22),
(739, 'CABUYARO', 22),
(740, 'CASTILLA LA NUEVA', 22),
(741, 'CUBARRAL', 22),
(742, 'CUMARAL', 22),
(743, 'EL CALVARIO', 22),
(744, 'EL CASTILLO', 22),
(745, 'EL DORADO', 22),
(746, 'FUENTE DE ORO', 22),
(747, 'GRANADA', 22),
(748, 'GUAMAL', 22),
(749, 'LA MACARENA', 22),
(750, 'LEJANÍAS', 22),
(751, 'MAPIRIPÁN', 22),
(752, 'MESETAS', 22),
(753, 'PUERTO CONCORDIA', 22),
(754, 'PUERTO GAITÁN', 22),
(755, 'PUERTO LLERAS', 22),
(756, 'PUERTO LÓPEZ', 22),
(757, 'PUERTO RICO', 22),
(758, 'RESTREPO', 22),
(759, 'SAN CARLOS DE GUAROA', 22),
(760, 'SAN JUAN DE ARAMA', 22),
(761, 'SAN JUANITO', 22),
(762, 'SAN MARTÍN', 22),
(763, 'URIBE', 22),
(764, 'VILLAVICENCIO', 22),
(765, 'VISTA HERMOSA', 22),
(766, 'ALBÁN', 23),
(767, 'ALDANA', 23),
(768, 'ANCUYÁ', 23),
(769, 'ARBOLEDA', 23),
(770, 'BARBACOAS', 23),
(771, 'BELÉN', 23),
(772, 'BUESACO', 23),
(773, 'CHACHAGÜÍ', 23),
(774, 'COLÓN', 23),
(775, 'CONSACA', 23),
(776, 'CONTADERO', 23),
(777, 'CÓRDOBA', 23),
(778, 'CUASPUD', 23),
(779, 'CUMBAL', 23),
(780, 'CUMBITARA', 23),
(781, 'EL CHARCO', 23),
(782, 'EL PEÑOL', 23),
(783, 'EL ROSARIO', 23),
(784, 'EL TABLÓN DE GÓMEZ', 23),
(785, 'EL TAMBO', 23),
(786, 'FRANCISCO PIZARRO', 23),
(787, 'FUNES', 23),
(788, 'GUACHUCAL', 23),
(789, 'GUAITARILLA', 23),
(790, 'GUALMATÁN', 23),
(791, 'ILES', 23),
(792, 'IMUÉS', 23),
(793, 'IPIALES', 23),
(794, 'LA CRUZ', 23),
(795, 'LA FLORIDA', 23),
(796, 'LA LLANADA', 23),
(797, 'LA TOLA', 23),
(798, 'LA UNIÓN', 23),
(799, 'LEIVA', 23),
(800, 'LINARES', 23),
(801, 'LOS ANDES', 23),
(802, 'MAGÜI', 23),
(803, 'MALLAMA', 23),
(804, 'MOSQUERA', 23),
(805, 'NARIÑO', 23),
(806, 'OLAYA HERRERA', 23),
(807, 'OSPINA', 23),
(808, 'PASTO', 23),
(809, 'POLICARPA', 23),
(810, 'POTOSÍ', 23),
(811, 'PROVIDENCIA', 23),
(812, 'PUERRES', 23),
(813, 'PUPIALES', 23),
(814, 'RICAURTE', 23),
(815, 'ROBERTO PAYÁN', 23),
(816, 'SAMANIEGO', 23),
(817, 'SAN ANDRES DE TUMACO', 23),
(818, 'SAN BERNARDO', 23),
(819, 'SAN LORENZO', 23),
(820, 'SAN PABLO', 23),
(821, 'SAN PEDRO DE CARTAGO', 23),
(822, 'SANDONÁ', 23),
(823, 'SANTA BÁRBARA', 23),
(824, 'SANTACRUZ', 23),
(825, 'SAPUYES', 23),
(826, 'TAMINANGO', 23),
(827, 'TANGUA', 23),
(828, 'TÚQUERRES', 23),
(829, 'YACUANQUER', 23),
(830, 'ABREGO', 24),
(831, 'ARBOLEDAS', 24),
(832, 'BOCHALEMA', 24),
(833, 'BUCARASICA', 24),
(834, 'CACHIRÁ', 24),
(835, 'CÁCOTA', 24),
(836, 'CHINÁCOTA', 24),
(837, 'CHITAGÁ', 24),
(838, 'CONVENCIÓN', 24),
(839, 'CÚCUTA', 24),
(840, 'CUCUTILLA', 24),
(841, 'DURANIA', 24),
(842, 'EL CARMEN', 24),
(843, 'EL TARRA', 24),
(844, 'EL ZULIA', 24),
(845, 'GRAMALOTE', 24),
(846, 'HACARÍ', 24),
(847, 'HERRÁN', 24),
(848, 'LA ESPERANZA', 24),
(849, 'LA PLAYA', 24),
(850, 'LABATECA', 24),
(851, 'LOS PATIOS', 24),
(852, 'LOURDES', 24),
(853, 'MUTISCUA', 24),
(854, 'OCAÑA', 24),
(855, 'PAMPLONA', 24),
(856, 'PAMPLONITA', 24),
(857, 'PUERTO SANTANDER', 24),
(858, 'RAGONVALIA', 24),
(859, 'SALAZAR', 24),
(860, 'SAN CALIXTO', 24),
(861, 'SAN CAYETANO', 24),
(862, 'SANTIAGO', 24),
(863, 'SARDINATA', 24),
(864, 'SILOS', 24),
(865, 'TEORAMA', 24),
(866, 'TIBÚ', 24),
(867, 'TOLEDO', 24),
(868, 'VILLA CARO', 24),
(869, 'VILLA DEL ROSARIO', 24),
(870, 'COLÓN', 25),
(871, 'LEGUÍZAMO', 25),
(872, 'MOCOA', 25),
(873, 'ORITO', 25),
(874, 'PUERTO ASÍS', 25),
(875, 'PUERTO CAICEDO', 25),
(876, 'PUERTO GUZMÁN', 25),
(877, 'SAN FRANCISCO', 25),
(878, 'SAN MIGUEL', 25),
(879, 'SANTIAGO', 25),
(880, 'SIBUNDOY', 25),
(881, 'VALLE DEL GUAMUEZ', 25),
(882, 'VILLAGARZÓN', 25),
(883, 'ARMENIA', 26),
(884, 'BUENAVISTA', 26),
(885, 'CALARCA', 26),
(886, 'CIRCASIA', 26),
(887, 'CÓRDOBA', 26),
(888, 'FILANDIA', 26),
(889, 'GÉNOVA', 26),
(890, 'LA TEBAIDA', 26),
(891, 'MONTENEGRO', 26),
(892, 'PIJAO', 26),
(893, 'QUIMBAYA', 26),
(894, 'SALENTO', 26),
(895, 'APÍA', 27),
(896, 'BALBOA', 27),
(897, 'BELÉN DE UMBRÍA', 27),
(898, 'DOSQUEBRADAS', 27),
(899, 'GUÁTICA', 27),
(900, 'LA CELIA', 27),
(901, 'LA VIRGINIA', 27),
(902, 'MARSELLA', 27),
(903, 'MISTRATÓ', 27),
(904, 'PEREIRA', 27),
(905, 'PUEBLO RICO', 27),
(906, 'QUINCHÍA', 27),
(907, 'SANTA ROSA DE CABAL', 27),
(908, 'SANTUARIO', 27),
(909, 'AGUADA', 28),
(910, 'ALBANIA', 28),
(911, 'ARATOCA', 28),
(912, 'BARBOSA', 28),
(913, 'BARICHARA', 28),
(914, 'BARRANCABERMEJA', 28),
(915, 'BETULIA', 28),
(916, 'BOLÍVAR', 28),
(917, 'BUCARAMANGA', 28),
(918, 'CABRERA', 28),
(919, 'CALIFORNIA', 28),
(920, 'CAPITANEJO', 28),
(921, 'CARCASÍ', 28),
(922, 'CEPITÁ', 28),
(923, 'CERRITO', 28),
(924, 'CHARALÁ', 28),
(925, 'CHARTA', 28),
(926, 'CHIMA', 28),
(927, 'CHIPATÁ', 28),
(928, 'CIMITARRA', 28),
(929, 'CONCEPCIÓN', 28),
(930, 'CONFINES', 28),
(931, 'CONTRATACIÓN', 28),
(932, 'COROMORO', 28),
(933, 'CURITÍ', 28),
(934, 'EL CARMEN DE CHUCURÍ', 28),
(935, 'EL GUACAMAYO', 28),
(936, 'EL PEÑÓN', 28),
(937, 'EL PLAYÓN', 28),
(938, 'ENCINO', 28),
(939, 'ENCISO', 28),
(940, 'FLORIÁN', 28),
(941, 'FLORIDABLANCA', 28),
(942, 'GALÁN', 28),
(943, 'GAMBITA', 28),
(944, 'GIRÓN', 28),
(945, 'GUACA', 28),
(946, 'GUADALUPE', 28),
(947, 'GUAPOTÁ', 28),
(948, 'GUAVATÁ', 28),
(949, 'GÜEPSA', 28),
(950, 'HATO', 28),
(951, 'JESÚS MARÍA', 28),
(952, 'JORDÁN', 28),
(953, 'LA BELLEZA', 28),
(954, 'LA PAZ', 28),
(955, 'LANDÁZURI', 28),
(956, 'LEBRIJA', 28),
(957, 'LOS SANTOS', 28),
(958, 'MACARAVITA', 28),
(959, 'MÁLAGA', 28),
(960, 'MATANZA', 28),
(961, 'MOGOTES', 28),
(962, 'MOLAGAVITA', 28),
(963, 'OCAMONTE', 28),
(964, 'OIBA', 28),
(965, 'ONZAGA', 28),
(966, 'PALMAR', 28),
(967, 'PALMAS DEL SOCORRO', 28),
(968, 'PÁRAMO', 28),
(969, 'PIEDECUESTA', 28),
(970, 'PINCHOTE', 28),
(971, 'PUENTE NACIONAL', 28),
(972, 'PUERTO PARRA', 28),
(973, 'PUERTO WILCHES', 28),
(974, 'RIONEGRO', 28),
(975, 'SABANA DE TORRES', 28),
(976, 'SAN ANDRÉS', 28),
(977, 'SAN BENITO', 28),
(978, 'SAN GIL', 28),
(979, 'SAN JOAQUÍN', 28),
(980, 'SAN JOSÉ DE MIRANDA', 28),
(981, 'SAN MIGUEL', 28),
(982, 'SAN VICENTE DE CHUCURÍ', 28),
(983, 'SANTA BÁRBARA', 28),
(984, 'SANTA HELENA DEL OPÓN', 28),
(985, 'SIMACOTA', 28),
(986, 'SOCORRO', 28),
(987, 'SUAITA', 28),
(988, 'SUCRE', 28),
(989, 'SURATÁ', 28),
(990, 'TONA', 28),
(991, 'VALLE DE SAN JOSÉ', 28),
(992, 'VÉLEZ', 28),
(993, 'VETAS', 28),
(994, 'VILLANUEVA', 28),
(995, 'ZAPATOCA', 28),
(996, 'BUENAVISTA', 29),
(997, 'CAIMITO', 29),
(998, 'CHALÁN', 29),
(999, 'COLOSO', 29),
(1000, 'COROZAL', 29),
(1001, 'COVEÑAS', 29),
(1002, 'EL ROBLE', 29),
(1003, 'GALERAS', 29),
(1004, 'GUARANDA', 29),
(1005, 'LA UNIÓN', 29),
(1006, 'LOS PALMITOS', 29),
(1007, 'MAJAGUAL', 29),
(1008, 'MORROA', 29),
(1009, 'OVEJAS', 29),
(1010, 'PALMITO', 29),
(1011, 'SAMPUÉS', 29),
(1012, 'SAN BENITO ABAD', 29),
(1013, 'SAN JUAN DE BETULIA', 29),
(1014, 'SAN LUIS DE SINCÉ', 29),
(1015, 'SAN MARCOS', 29),
(1016, 'SAN ONOFRE', 29),
(1017, 'SAN PEDRO', 29),
(1018, 'SANTIAGO DE TOLÚ', 29),
(1019, 'SINCELEJO', 29),
(1020, 'SUCRE', 29),
(1021, 'TOLÚ VIEJO', 29),
(1022, 'ALPUJARRA', 30),
(1023, 'ALVARADO', 30),
(1024, 'AMBALEMA', 30),
(1025, 'ANZOÁTEGUI', 30),
(1026, 'ARMERO', 30),
(1027, 'ATACO', 30),
(1028, 'CAJAMARCA', 30),
(1029, 'CARMEN DE APICALÁ', 30),
(1030, 'CASABIANCA', 30),
(1031, 'CHAPARRAL', 30),
(1032, 'COELLO', 30),
(1033, 'COYAIMA', 30),
(1034, 'CUNDAY', 30),
(1035, 'DOLORES', 30),
(1036, 'ESPINAL', 30),
(1037, 'FALAN', 30),
(1038, 'FLANDES', 30),
(1039, 'FRESNO', 30),
(1040, 'GUAMO', 30),
(1041, 'HERVEO', 30),
(1042, 'HONDA', 30),
(1043, 'IBAGUÉ', 30),
(1044, 'ICONONZO', 30),
(1045, 'LÉRIDA', 30),
(1046, 'LÍBANO', 30),
(1047, 'MARIQUITA', 30),
(1048, 'MELGAR', 30),
(1049, 'MURILLO', 30),
(1050, 'NATAGAIMA', 30),
(1051, 'ORTEGA', 30),
(1052, 'PALOCABILDO', 30),
(1053, 'PIEDRAS', 30),
(1054, 'PLANADAS', 30),
(1055, 'PRADO', 30),
(1056, 'PURIFICACIÓN', 30),
(1057, 'RIOBLANCO', 30),
(1058, 'RONCESVALLES', 30),
(1059, 'ROVIRA', 30),
(1060, 'SALDAÑA', 30),
(1061, 'SAN ANTONIO', 30),
(1062, 'SAN LUIS', 30),
(1063, 'SANTA ISABEL', 30),
(1064, 'SUÁREZ', 30),
(1065, 'VALLE DE SAN JUAN', 30),
(1066, 'VENADILLO', 30),
(1067, 'VILLAHERMOSA', 30),
(1068, 'VILLARRICA', 30),
(1069, 'ALCALÁ', 31),
(1070, 'ANDALUCÍA', 31),
(1071, 'ANSERMANUEVO', 31),
(1072, 'ARGELIA', 31),
(1073, 'BOLÍVAR', 31),
(1074, 'BUENAVENTURA', 31),
(1075, 'BUGALAGRANDE', 31),
(1076, 'CAICEDONIA', 31),
(1077, 'CALI', 31),
(1078, 'CALIMA', 31),
(1079, 'CANDELARIA', 31),
(1080, 'CARTAGO', 31),
(1081, 'DAGUA', 31),
(1082, 'EL ÁGUILA', 31),
(1083, 'EL CAIRO', 31),
(1084, 'EL CERRITO', 31),
(1085, 'EL DOVIO', 31),
(1086, 'FLORIDA', 31),
(1087, 'GINEBRA', 31),
(1088, 'GUACARÍ', 31),
(1089, 'GUADALAJARA DE BUGA', 31),
(1090, 'JAMUNDÍ', 31),
(1091, 'LA CUMBRE', 31),
(1092, 'LA UNIÓN', 31),
(1093, 'LA VICTORIA', 31),
(1094, 'OBANDO', 31),
(1095, 'PALMIRA', 31),
(1096, 'PRADERA', 31),
(1097, 'RESTREPO', 31),
(1098, 'RIOFRÍO', 31),
(1099, 'ROLDANILLO', 31),
(1100, 'SAN PEDRO', 31),
(1101, 'SEVILLA', 31),
(1102, 'TORO', 31),
(1103, 'TRUJILLO', 31),
(1104, 'TULUÁ', 31),
(1105, 'ULLOA', 31),
(1106, 'VERSALLES', 31),
(1107, 'VIJES', 31),
(1108, 'YOTOCO', 31),
(1109, 'YUMBO', 31),
(1110, 'ZARZAL', 31),
(1111, 'CARURU', 32),
(1112, 'MITÚ', 32),
(1113, 'PACOA', 32),
(1114, 'PAPUNAUA', 32),
(1115, 'TARAIRA', 32),
(1116, 'YAVARATÉ', 32),
(1117, 'CUMARIBO', 33),
(1118, 'LA PRIMAVERA', 33),
(1119, 'PUERTO CARREÑO', 33),
(1120, 'SANTA ROSALÍA', 33),
(1121, 'EXTRANJERO', 34),
(1122, 'EXTRANJERO', 35),
(1123, 'EXTRANJERO', 36),
(1124, 'EXTRANJERO', 37),
(1125, 'EXTRANJERO', 38),
(1126, 'EXTRANJERO', 39),
(1127, 'EXTRANJERO', 40),
(1128, 'EXTRANJERO', 41),
(1129, 'EXTRANJERO', 42),
(1130, 'EXTRANJERO', 43),
(1131, 'EXTRANJERO', 44),
(1132, 'EXTRANJERO', 45),
(1133, 'EXTRANJERO', 46),
(1134, 'EXTRANJERO', 47),
(1135, 'EXTRANJERO', 48),
(1136, 'EXTRANJERO', 49),
(1137, 'EXTRANJERO', 50),
(1138, 'EXTRANJERO', 51),
(1139, 'EXTRANJERO', 52),
(1140, 'EXTRANJERO', 53),
(1141, 'EXTRANJERO', 54),
(1142, 'EXTRANJERO', 55),
(1143, 'EXTRANJERO', 56),
(1144, 'EXTRANJERO', 57),
(1145, 'EXTRANJERO', 58),
(1146, 'EXTRANJERO', 59),
(1147, 'EXTRANJERO', 60),
(1148, 'EXTRANJERO', 61),
(1149, 'EXTRANJERO', 62),
(1150, 'EXTRANJERO', 63),
(1151, 'EXTRANJERO', 64),
(1152, 'EXTRANJERO', 65),
(1153, 'EXTRANJERO', 66),
(1154, 'EXTRANJERO', 67),
(1155, 'EXTRANJERO', 68),
(1156, 'EXTRANJERO', 69),
(1157, 'EXTRANJERO', 70),
(1158, 'EXTRANJERO', 71),
(1159, 'EXTRANJERO', 72),
(1160, 'EXTRANJERO', 73),
(1161, 'EXTRANJERO', 74),
(1162, 'EXTRANJERO', 75),
(1163, 'EXTRANJERO', 76),
(1164, 'EXTRANJERO', 77),
(1165, 'EXTRANJERO', 78),
(1166, 'EXTRANJERO', 79),
(1167, 'EXTRANJERO', 80),
(1168, 'EXTRANJERO', 81),
(1169, 'EXTRANJERO', 82),
(1170, 'EXTRANJERO', 83),
(1171, 'EXTRANJERO', 84),
(1172, 'EXTRANJERO', 85),
(1173, 'EXTRANJERO', 86),
(1174, 'EXTRANJERO', 87),
(1175, 'EXTRANJERO', 88),
(1176, 'EXTRANJERO', 89),
(1177, 'EXTRANJERO', 90),
(1178, 'EXTRANJERO', 91),
(1179, 'EXTRANJERO', 92),
(1180, 'EXTRANJERO', 93),
(1181, 'EXTRANJERO', 94),
(1182, 'EXTRANJERO', 95),
(1183, 'EXTRANJERO', 96),
(1184, 'EXTRANJERO', 97),
(1185, 'EXTRANJERO', 98),
(1186, 'EXTRANJERO', 99),
(1187, 'EXTRANJERO', 100),
(1188, 'EXTRANJERO', 101),
(1189, 'EXTRANJERO', 102),
(1190, 'EXTRANJERO', 103),
(1191, 'EXTRANJERO', 104),
(1192, 'EXTRANJERO', 105),
(1193, 'EXTRANJERO', 106),
(1194, 'EXTRANJERO', 107),
(1195, 'EXTRANJERO', 108),
(1196, 'EXTRANJERO', 109),
(1197, 'EXTRANJERO', 110),
(1198, 'EXTRANJERO', 111),
(1199, 'EXTRANJERO', 112),
(1200, 'EXTRANJERO', 113),
(1201, 'EXTRANJERO', 114),
(1202, 'EXTRANJERO', 115),
(1203, 'EXTRANJERO', 116),
(1204, 'EXTRANJERO', 117),
(1205, 'EXTRANJERO', 118),
(1206, 'EXTRANJERO', 119),
(1207, 'EXTRANJERO', 120),
(1208, 'EXTRANJERO', 121),
(1209, 'EXTRANJERO', 122),
(1210, 'EXTRANJERO', 123),
(1211, 'EXTRANJERO', 124),
(1212, 'EXTRANJERO', 125),
(1213, 'EXTRANJERO', 126),
(1214, 'EXTRANJERO', 127),
(1215, 'EXTRANJERO', 128),
(1216, 'EXTRANJERO', 129),
(1217, 'EXTRANJERO', 130),
(1218, 'EXTRANJERO', 131),
(1219, 'EXTRANJERO', 132),
(1220, 'EXTRANJERO', 133),
(1221, 'EXTRANJERO', 134),
(1222, 'EXTRANJERO', 135),
(1223, 'EXTRANJERO', 136),
(1224, 'EXTRANJERO', 137),
(1225, 'EXTRANJERO', 138),
(1226, 'EXTRANJERO', 139),
(1227, 'EXTRANJERO', 140),
(1228, 'EXTRANJERO', 141),
(1229, 'EXTRANJERO', 142),
(1230, 'EXTRANJERO', 143),
(1231, 'EXTRANJERO', 144),
(1232, 'EXTRANJERO', 145),
(1233, 'EXTRANJERO', 146),
(1234, 'EXTRANJERO', 147),
(1235, 'EXTRANJERO', 148),
(1236, 'EXTRANJERO', 149),
(1237, 'EXTRANJERO', 150),
(1238, 'EXTRANJERO', 151),
(1239, 'EXTRANJERO', 152),
(1240, 'EXTRANJERO', 153),
(1241, 'EXTRANJERO', 154),
(1242, 'EXTRANJERO', 155),
(1243, 'EXTRANJERO', 156),
(1244, 'EXTRANJERO', 157),
(1245, 'EXTRANJERO', 158),
(1246, 'EXTRANJERO', 159),
(1247, 'EXTRANJERO', 160),
(1248, 'EXTRANJERO', 161),
(1249, 'EXTRANJERO', 162),
(1250, 'EXTRANJERO', 163),
(1251, 'EXTRANJERO', 164),
(1252, 'EXTRANJERO', 165),
(1253, 'EXTRANJERO', 166),
(1254, 'EXTRANJERO', 167),
(1255, 'EXTRANJERO', 168),
(1256, 'EXTRANJERO', 169),
(1257, 'EXTRANJERO', 170),
(1258, 'EXTRANJERO', 171),
(1259, 'EXTRANJERO', 172),
(1260, 'EXTRANJERO', 173),
(1261, 'EXTRANJERO', 174),
(1262, 'EXTRANJERO', 175),
(1263, 'EXTRANJERO', 176),
(1264, 'EXTRANJERO', 177),
(1265, 'EXTRANJERO', 178),
(1266, 'EXTRANJERO', 179),
(1267, 'EXTRANJERO', 180),
(1268, 'EXTRANJERO', 181),
(1269, 'EXTRANJERO', 182),
(1270, 'EXTRANJERO', 183),
(1271, 'EXTRANJERO', 184),
(1272, 'EXTRANJERO', 185),
(1273, 'EXTRANJERO', 186),
(1274, 'EXTRANJERO', 187),
(1275, 'EXTRANJERO', 188),
(1276, 'EXTRANJERO', 189),
(1277, 'EXTRANJERO', 190),
(1278, 'EXTRANJERO', 191),
(1279, 'EXTRANJERO', 192),
(1280, 'EXTRANJERO', 193),
(1281, 'EXTRANJERO', 194),
(1282, 'EXTRANJERO', 195),
(1283, 'EXTRANJERO', 196),
(1284, 'EXTRANJERO', 197),
(1285, 'EXTRANJERO', 198),
(1286, 'EXTRANJERO', 199),
(1287, 'EXTRANJERO', 200),
(1288, 'EXTRANJERO', 201),
(1289, 'EXTRANJERO', 202),
(1290, 'EXTRANJERO', 203),
(1291, 'EXTRANJERO', 204),
(1292, 'EXTRANJERO', 205),
(1293, 'EXTRANJERO', 206),
(1294, 'EXTRANJERO', 207),
(1295, 'EXTRANJERO', 208),
(1296, 'EXTRANJERO', 209),
(1297, 'EXTRANJERO', 210),
(1298, 'EXTRANJERO', 211),
(1299, 'EXTRANJERO', 212),
(1300, 'EXTRANJERO', 213),
(1301, 'EXTRANJERO', 214),
(1302, 'EXTRANJERO', 215),
(1303, 'EXTRANJERO', 216),
(1304, 'EXTRANJERO', 217),
(1305, 'EXTRANJERO', 218),
(1306, 'EXTRANJERO', 219),
(1307, 'EXTRANJERO', 220),
(1308, 'EXTRANJERO', 221),
(1309, 'EXTRANJERO', 222),
(1310, 'EXTRANJERO', 223),
(1311, 'EXTRANJERO', 224),
(1312, 'EXTRANJERO', 225),
(1313, 'EXTRANJERO', 226),
(1314, 'EXTRANJERO', 227),
(1315, 'EXTRANJERO', 228),
(1316, 'EXTRANJERO', 229),
(1317, 'EXTRANJERO', 230),
(1318, 'EXTRANJERO', 231),
(1319, 'EXTRANJERO', 232),
(1320, 'EXTRANJERO', 233),
(1321, 'EXTRANJERO', 234),
(1322, 'EXTRANJERO', 235),
(1323, 'EXTRANJERO', 236),
(1324, 'EXTRANJERO', 237),
(1325, 'EXTRANJERO', 238),
(1326, 'EXTRANJERO', 239),
(1327, 'EXTRANJERO', 240),
(1328, 'EXTRANJERO', 241),
(1329, 'EXTRANJERO', 242),
(1330, 'EXTRANJERO', 243),
(1331, 'EXTRANJERO', 244),
(1332, 'EXTRANJERO', 245),
(1333, 'EXTRANJERO', 246),
(1334, 'EXTRANJERO', 247),
(1335, 'EXTRANJERO', 248),
(1336, 'EXTRANJERO', 249),
(1337, 'EXTRANJERO', 250),
(1338, 'EXTRANJERO', 251),
(1339, 'EXTRANJERO', 252),
(1340, 'EXTRANJERO', 253),
(1341, 'EXTRANJERO', 254),
(1342, 'EXTRANJERO', 255),
(1343, 'EXTRANJERO', 256),
(1344, 'EXTRANJERO', 257),
(1345, 'EXTRANJERO', 258),
(1346, 'EXTRANJERO', 259),
(1347, 'EXTRANJERO', 260),
(1348, 'EXTRANJERO', 261),
(1349, 'EXTRANJERO', 262),
(1350, 'EXTRANJERO', 263),
(1351, 'EXTRANJERO', 264),
(1352, 'EXTRANJERO', 265),
(1353, 'EXTRANJERO', 266),
(1354, 'EXTRANJERO', 267),
(1355, 'EXTRANJERO', 268),
(1356, 'EXTRANJERO', 269),
(1357, 'EXTRANJERO', 270),
(1358, 'EXTRANJERO', 271),
(1359, 'EXTRANJERO', 272),
(1360, 'EXTRANJERO', 273),
(1361, 'EXTRANJERO', 274),
(1362, 'EXTRANJERO', 275),
(1363, 'EXTRANJERO', 276);

-- --------------------------------------------------------

--
-- Estructura de tabla para la tabla `departamento`
--

CREATE TABLE `departamento` (
  `ID_DPTO` int(11) NOT NULL COMMENT 'ID del departamento',
  `NOMBRE_DPTO` varchar(100) NOT NULL COMMENT 'Nombre del departamento',
  `ID_PAIS` int(11) NOT NULL COMMENT 'ID del pais'
) ENGINE=InnoDB DEFAULT CHARSET=utf8;

--
-- Volcado de datos para la tabla `departamento`
--

INSERT INTO `departamento` (`ID_DPTO`, `NOMBRE_DPTO`, `ID_PAIS`) VALUES
(1, 'AMAZONAS', 43),
(2, 'ANTIOQUIA', 43),
(3, 'ARAUCA', 43),
(4, 'ARCHIPIÉLAGO DE SAN ANDRÉS, PROVIDENCIA Y SANTA CATALINA', 43),
(5, 'ATLÁNTICO', 43),
(6, 'BOGOTÁ, D.C.', 43),
(7, 'BOLÍVAR', 43),
(8, 'BOYACÁ', 43),
(9, 'CALDAS', 43),
(10, 'CAQUETÁ', 43),
(11, 'CASANARE', 43),
(12, 'CAUCA', 43),
(13, 'CESAR', 43),
(14, 'CHOCÓ', 43),
(15, 'CÓRDOBA', 43),
(16, 'CUNDINAMARCA', 43),
(17, 'GUAINÍA', 43),
(18, 'GUAVIARE', 43),
(19, 'HUILA', 43),
(20, 'LA GUAJIRA', 43),
(21, 'MAGDALENA', 43),
(22, 'META', 43),
(23, 'NARIÑO', 43),
(24, 'NORTE DE SANTANDER', 43),
(25, 'PUTUMAYO', 43),
(26, 'QUINDIO', 43),
(27, 'RISARALDA', 43),
(28, 'SANTANDER', 43),
(29, 'SUCRE', 43),
(30, 'TOLIMA', 43),
(31, 'VALLE DEL CAUCA', 43),
(32, 'VAUPÉS', 43),
(33, 'VICHADA', 43),
(34, 'EXTRANJERO', 1),
(35, 'EXTRANJERO', 2),
(36, 'EXTRANJERO', 3),
(37, 'EXTRANJERO', 4),
(38, 'EXTRANJERO', 5),
(39, 'EXTRANJERO', 6),
(40, 'EXTRANJERO', 7),
(41, 'EXTRANJERO', 8),
(42, 'EXTRANJERO', 9),
(43, 'EXTRANJERO', 10),
(44, 'EXTRANJERO', 11),
(45, 'EXTRANJERO', 12),
(46, 'EXTRANJERO', 13),
(47, 'EXTRANJERO', 14),
(48, 'EXTRANJERO', 15),
(49, 'EXTRANJERO', 16),
(50, 'EXTRANJERO', 17),
(51, 'EXTRANJERO', 18),
(52, 'EXTRANJERO', 19),
(53, 'EXTRANJERO', 20),
(54, 'EXTRANJERO', 21),
(55, 'EXTRANJERO', 22),
(56, 'EXTRANJERO', 23),
(57, 'EXTRANJERO', 24),
(58, 'EXTRANJERO', 25),
(59, 'EXTRANJERO', 26),
(60, 'EXTRANJERO', 27),
(61, 'EXTRANJERO', 28),
(62, 'EXTRANJERO', 29),
(63, 'EXTRANJERO', 30),
(64, 'EXTRANJERO', 31),
(65, 'EXTRANJERO', 32),
(66, 'EXTRANJERO', 33),
(67, 'EXTRANJERO', 34),
(68, 'EXTRANJERO', 35),
(69, 'EXTRANJERO', 36),
(70, 'EXTRANJERO', 37),
(71, 'EXTRANJERO', 38),
(72, 'EXTRANJERO', 39),
(73, 'EXTRANJERO', 40),
(74, 'EXTRANJERO', 41),
(75, 'EXTRANJERO', 42),
(76, 'EXTRANJERO', 44),
(77, 'EXTRANJERO', 45),
(78, 'EXTRANJERO', 46),
(79, 'EXTRANJERO', 47),
(80, 'EXTRANJERO', 48),
(81, 'EXTRANJERO', 49),
(82, 'EXTRANJERO', 50),
(83, 'EXTRANJERO', 51),
(84, 'EXTRANJERO', 52),
(85, 'EXTRANJERO', 53),
(86, 'EXTRANJERO', 54),
(87, 'EXTRANJERO', 55),
(88, 'EXTRANJERO', 56),
(89, 'EXTRANJERO', 57),
(90, 'EXTRANJERO', 58),
(91, 'EXTRANJERO', 59),
(92, 'EXTRANJERO', 60),
(93, 'EXTRANJERO', 61),
(94, 'EXTRANJERO', 62),
(95, 'EXTRANJERO', 63),
(96, 'EXTRANJERO', 64),
(97, 'EXTRANJERO', 65),
(98, 'EXTRANJERO', 66),
(99, 'EXTRANJERO', 67),
(100, 'EXTRANJERO', 68),
(101, 'EXTRANJERO', 69),
(102, 'EXTRANJERO', 70),
(103, 'EXTRANJERO', 71),
(104, 'EXTRANJERO', 72),
(105, 'EXTRANJERO', 73),
(106, 'EXTRANJERO', 74),
(107, 'EXTRANJERO', 75),
(108, 'EXTRANJERO', 76),
(109, 'EXTRANJERO', 77),
(110, 'EXTRANJERO', 78),
(111, 'EXTRANJERO', 79),
(112, 'EXTRANJERO', 80),
(113, 'EXTRANJERO', 81),
(114, 'EXTRANJERO', 82),
(115, 'EXTRANJERO', 83),
(116, 'EXTRANJERO', 84),
(117, 'EXTRANJERO', 85),
(118, 'EXTRANJERO', 86),
(119, 'EXTRANJERO', 87),
(120, 'EXTRANJERO', 88),
(121, 'EXTRANJERO', 89),
(122, 'EXTRANJERO', 90),
(123, 'EXTRANJERO', 91),
(124, 'EXTRANJERO', 92),
(125, 'EXTRANJERO', 93),
(126, 'EXTRANJERO', 94),
(127, 'EXTRANJERO', 95),
(128, 'EXTRANJERO', 96),
(129, 'EXTRANJERO', 97),
(130, 'EXTRANJERO', 98),
(131, 'EXTRANJERO', 99),
(132, 'EXTRANJERO', 100),
(133, 'EXTRANJERO', 101),
(134, 'EXTRANJERO', 102),
(135, 'EXTRANJERO', 103),
(136, 'EXTRANJERO', 104),
(137, 'EXTRANJERO', 105),
(138, 'EXTRANJERO', 106),
(139, 'EXTRANJERO', 107),
(140, 'EXTRANJERO', 108),
(141, 'EXTRANJERO', 109),
(142, 'EXTRANJERO', 110),
(143, 'EXTRANJERO', 111),
(144, 'EXTRANJERO', 112),
(145, 'EXTRANJERO', 113),
(146, 'EXTRANJERO', 114),
(147, 'EXTRANJERO', 115),
(148, 'EXTRANJERO', 116),
(149, 'EXTRANJERO', 117),
(150, 'EXTRANJERO', 118),
(151, 'EXTRANJERO', 119),
(152, 'EXTRANJERO', 120),
(153, 'EXTRANJERO', 121),
(154, 'EXTRANJERO', 122),
(155, 'EXTRANJERO', 123),
(156, 'EXTRANJERO', 124),
(157, 'EXTRANJERO', 125),
(158, 'EXTRANJERO', 126),
(159, 'EXTRANJERO', 127),
(160, 'EXTRANJERO', 128),
(161, 'EXTRANJERO', 129),
(162, 'EXTRANJERO', 130),
(163, 'EXTRANJERO', 131),
(164, 'EXTRANJERO', 132),
(165, 'EXTRANJERO', 133),
(166, 'EXTRANJERO', 134),
(167, 'EXTRANJERO', 135),
(168, 'EXTRANJERO', 136),
(169, 'EXTRANJERO', 137),
(170, 'EXTRANJERO', 138),
(171, 'EXTRANJERO', 139),
(172, 'EXTRANJERO', 140),
(173, 'EXTRANJERO', 141),
(174, 'EXTRANJERO', 142),
(175, 'EXTRANJERO', 143),
(176, 'EXTRANJERO', 144),
(177, 'EXTRANJERO', 145),
(178, 'EXTRANJERO', 146),
(179, 'EXTRANJERO', 147),
(180, 'EXTRANJERO', 148),
(181, 'EXTRANJERO', 149),
(182, 'EXTRANJERO', 150),
(183, 'EXTRANJERO', 151),
(184, 'EXTRANJERO', 152),
(185, 'EXTRANJERO', 153),
(186, 'EXTRANJERO', 154),
(187, 'EXTRANJERO', 155),
(188, 'EXTRANJERO', 156),
(189, 'EXTRANJERO', 157),
(190, 'EXTRANJERO', 158),
(191, 'EXTRANJERO', 159),
(192, 'EXTRANJERO', 160),
(193, 'EXTRANJERO', 161),
(194, 'EXTRANJERO', 162),
(195, 'EXTRANJERO', 163),
(196, 'EXTRANJERO', 164),
(197, 'EXTRANJERO', 165),
(198, 'EXTRANJERO', 166),
(199, 'EXTRANJERO', 167),
(200, 'EXTRANJERO', 168),
(201, 'EXTRANJERO', 169),
(202, 'EXTRANJERO', 170),
(203, 'EXTRANJERO', 171),
(204, 'EXTRANJERO', 172),
(205, 'EXTRANJERO', 173),
(206, 'EXTRANJERO', 174),
(207, 'EXTRANJERO', 175),
(208, 'EXTRANJERO', 176),
(209, 'EXTRANJERO', 177),
(210, 'EXTRANJERO', 178),
(211, 'EXTRANJERO', 179),
(212, 'EXTRANJERO', 180),
(213, 'EXTRANJERO', 181),
(214, 'EXTRANJERO', 182),
(215, 'EXTRANJERO', 183),
(216, 'EXTRANJERO', 184),
(217, 'EXTRANJERO', 185),
(218, 'EXTRANJERO', 186),
(219, 'EXTRANJERO', 187),
(220, 'EXTRANJERO', 188),
(221, 'EXTRANJERO', 189),
(222, 'EXTRANJERO', 190),
(223, 'EXTRANJERO', 191),
(224, 'EXTRANJERO', 192),
(225, 'EXTRANJERO', 193),
(226, 'EXTRANJERO', 194),
(227, 'EXTRANJERO', 195),
(228, 'EXTRANJERO', 196),
(229, 'EXTRANJERO', 197),
(230, 'EXTRANJERO', 198),
(231, 'EXTRANJERO', 199),
(232, 'EXTRANJERO', 200),
(233, 'EXTRANJERO', 201),
(234, 'EXTRANJERO', 202),
(235, 'EXTRANJERO', 203),
(236, 'EXTRANJERO', 204),
(237, 'EXTRANJERO', 205),
(238, 'EXTRANJERO', 206),
(239, 'EXTRANJERO', 207),
(240, 'EXTRANJERO', 208),
(241, 'EXTRANJERO', 209),
(242, 'EXTRANJERO', 210),
(243, 'EXTRANJERO', 211),
(244, 'EXTRANJERO', 212),
(245, 'EXTRANJERO', 213),
(246, 'EXTRANJERO', 214),
(247, 'EXTRANJERO', 215),
(248, 'EXTRANJERO', 216),
(249, 'EXTRANJERO', 217),
(250, 'EXTRANJERO', 218),
(251, 'EXTRANJERO', 219),
(252, 'EXTRANJERO', 220),
(253, 'EXTRANJERO', 221),
(254, 'EXTRANJERO', 222),
(255, 'EXTRANJERO', 223),
(256, 'EXTRANJERO', 224),
(257, 'EXTRANJERO', 225),
(258, 'EXTRANJERO', 226),
(259, 'EXTRANJERO', 227),
(260, 'EXTRANJERO', 228),
(261, 'EXTRANJERO', 229),
(262, 'EXTRANJERO', 230),
(263, 'EXTRANJERO', 231),
(264, 'EXTRANJERO', 232),
(265, 'EXTRANJERO', 233),
(266, 'EXTRANJERO', 234),
(267, 'EXTRANJERO', 235),
(268, 'EXTRANJERO', 236),
(269, 'EXTRANJERO', 237),
(270, 'EXTRANJERO', 238),
(271, 'EXTRANJERO', 239),
(272, 'EXTRANJERO', 240),
(273, 'EXTRANJERO', 241),
(274, 'EXTRANJERO', 242),
(275, 'EXTRANJERO', 243),
(276, 'EXTRANJERO', 244);

-- --------------------------------------------------------

--
-- Estructura de tabla para la tabla `estado_civil`
--

CREATE TABLE `estado_civil` (
  `ID` int(11) NOT NULL COMMENT 'ID del estado civil',
  `ESTADO_CIVIL` varchar(45) NOT NULL COMMENT 'Nombre del estado civil'
) ENGINE=InnoDB DEFAULT CHARSET=utf8;

--
-- Volcado de datos para la tabla `estado_civil`
--

INSERT INTO `estado_civil` (`ID`, `ESTADO_CIVIL`) VALUES
(1, 'SOLTERO'),
(2, 'CASADO'),
(3, 'UNIÓN LIBRE'),
(4, 'SEPARADO'),
(5, 'VIUDO'),
(6, 'RELIGIOSO'),
(7, 'MADRE SOLTERA');

-- --------------------------------------------------------

--
-- Estructura de tabla para la tabla `info_academica`
--

CREATE TABLE `info_academica` (
  `ID_INFO_ACADEMICA` int(11) NOT NULL COMMENT 'ID de info académica',
  `UNIVERSIDAD` varchar(45) NOT NULL COMMENT 'Nombre de la universidad',
  `PROGRAMA` varchar(45) NOT NULL COMMENT 'Nombre del programa',
  `TITULO_OBTENIDO` varchar(45) NOT NULL COMMENT 'Nombre del titulo obtenido',
  `ANO` varchar(45) NOT NULL COMMENT 'Año en que obtuvo el titulo',
  `ID_PREGUNTAS` int(11) NOT NULL COMMENT 'ID de info preguntas'
) ENGINE=InnoDB DEFAULT CHARSET=utf8;

--
-- Volcado de datos para la tabla `info_academica`
--

INSERT INTO `info_academica` (`ID_INFO_ACADEMICA`, `UNIVERSIDAD`, `PROGRAMA`, `TITULO_OBTENIDO`, `ANO`, `ID_PREGUNTAS`) VALUES
(156, 'Universidad de los Llans', 'Ing Sistemas', 'Ingeniero de Sistemas', '2014', 123);

-- --------------------------------------------------------

--
-- Estructura de tabla para la tabla `info_idiomas`
--

CREATE TABLE `info_idiomas` (
  `ID_IDIOMAS` int(11) NOT NULL COMMENT 'ID de info idiomas',
  `IDIOMA` varchar(45) NOT NULL COMMENT 'Idioma',
  `COMPRENDE` varchar(45) NOT NULL COMMENT 'Comprende el idioma',
  `HABLA` varchar(45) NOT NULL COMMENT 'Habla el idioma',
  `ESCRIBE` varchar(45) NOT NULL COMMENT 'Escribe el idioma',
  `ID_PREGUNTAS` int(11) NOT NULL COMMENT 'ID de info preguntas'
) ENGINE=InnoDB DEFAULT CHARSET=utf8;

--
-- Volcado de datos para la tabla `info_idiomas`
--

INSERT INTO `info_idiomas` (`ID_IDIOMAS`, `IDIOMA`, `COMPRENDE`, `HABLA`, `ESCRIBE`, `ID_PREGUNTAS`) VALUES
(378, 'Espanol', 'Muy Bien', 'Muy Bien', 'Muy Bien', 123),
(379, 'Ingles', 'Muy Bien', 'Muy Bien', 'Muy Bien', 123),
(380, 'Frances', 'Muy Bien', 'Muy Bien', 'Muy Bien', 123),
(381, 'asd', 'Muy Bien', 'Muy Bien', 'Muy Bien', 123);

-- --------------------------------------------------------

--
-- Estructura de tabla para la tabla `info_laboral`
--

CREATE TABLE `info_laboral` (
  `ID_LABORAL` int(11) NOT NULL COMMENT 'ID de info laboral',
  `EMPRESA` varchar(45) NOT NULL COMMENT 'Nombre de la empresa',
  `CARGO` varchar(45) NOT NULL COMMENT 'Cargo ejercido',
  `FECHA_INICIO` date NOT NULL COMMENT 'Fecha de inicio',
  `FECHA_FIN` date NOT NULL COMMENT 'Fecha de terminación',
  `ID_PREGUNTAS` int(11) NOT NULL COMMENT 'ID de info preguntas'
) ENGINE=InnoDB DEFAULT CHARSET=utf8;

--
-- Volcado de datos para la tabla `info_laboral`
--

INSERT INTO `info_laboral` (`ID_LABORAL`, `EMPRESA`, `CARGO`, `FECHA_INICIO`, `FECHA_FIN`, `ID_PREGUNTAS`) VALUES
(172, 'asd', 'asd', '2019-05-25', '2020-05-14', 123),
(173, 'asd', 'asd', '2011-01-01', '2014-03-05', 123);

-- --------------------------------------------------------

--
-- Estructura de tabla para la tabla `info_preguntas`
--

CREATE TABLE `info_preguntas` (
  `ID_PREGUNTAS` int(11) NOT NULL COMMENT 'ID de preguntas',
  `EMPRESA` varchar(45) DEFAULT NULL COMMENT 'Nombre de la empresa',
  `TIPO_EMPRESA` varchar(45) DEFAULT NULL COMMENT 'Tipo de empresa',
  `CARGO` varchar(45) DEFAULT NULL COMMENT 'Cargo actual',
  `EMP_DIRECCION` varchar(45) DEFAULT NULL COMMENT 'Dirección de la empresa',
  `EMP_TELEFONO` varchar(45) DEFAULT NULL COMMENT 'Teléfono de la empresa',
  `EMP_CIUDAD` int(11) DEFAULT NULL COMMENT 'Ciudad donde se encuentra la empresa',
  `EXISTENCIA_PROGRAMA` varchar(45) DEFAULT NULL COMMENT 'Como supo de la existencia del programa',
  `EXPE_LABOR_FUNCIONES` varchar(300) DEFAULT NULL COMMENT 'Experiencia laboral (funciones)',
  `RAZONES` varchar(300) NOT NULL COMMENT 'Razones para entrar al programa',
  `FIN_PRESTAMO` varchar(45) NOT NULL COMMENT 'Financiamiento por préstamo',
  `FIN_AUX_EMPRESARIAL` varchar(45) NOT NULL COMMENT 'Financiamiento por auxilio empresarial',
  `FIN_REC_PROPIOS` varchar(45) NOT NULL COMMENT 'Financiamiento con recursos propios',
  `FIN_BECA` varchar(45) NOT NULL COMMENT 'Financiamiento por beca',
  `EGRESADO_UNILLANOS` varchar(45) NOT NULL COMMENT '¿Es egresado de la Unillanos?',
  `FECHA_FORMULARIO` date NOT NULL COMMENT 'Fecha en que se realiza el formulario',
  `FECHA_LECTURA` date DEFAULT NULL COMMENT 'Fecha en que se revisa el formulario',
  `COMENTARIOS` varchar(300) DEFAULT NULL COMMENT 'Comentarios del evaluador',
  `COMENTARIO_SOPORTE` varchar(300) DEFAULT NULL,
  `VALIDACION_PREGUNTAS` varchar(45) NOT NULL COMMENT '¿El formulario es valido?',
  `ESTADO` varchar(45) NOT NULL COMMENT 'Estado de aprobación'
) ENGINE=InnoDB DEFAULT CHARSET=utf8;

--
-- Volcado de datos para la tabla `info_preguntas`
--

INSERT INTO `info_preguntas` (`ID_PREGUNTAS`, `EMPRESA`, `TIPO_EMPRESA`, `CARGO`, `EMP_DIRECCION`, `EMP_TELEFONO`, `EMP_CIUDAD`, `EXISTENCIA_PROGRAMA`, `EXPE_LABOR_FUNCIONES`, `RAZONES`, `FIN_PRESTAMO`, `FIN_AUX_EMPRESARIAL`, `FIN_REC_PROPIOS`, `FIN_BECA`, `EGRESADO_UNILLANOS`, `FECHA_FORMULARIO`, `FECHA_LECTURA`, `COMENTARIOS`, `COMENTARIO_SOPORTE`, `VALIDACION_PREGUNTAS`, `ESTADO`) VALUES
(123, 'EMSA', 'Publica', 'Desarrollador ', 'avenida 40', '3212458796', 764, 'Promoción Universitaria', 'asdasd', 'asdasdasdasdads', '0', '0', '0', '100', 'Si', '2019-03-21', '2019-03-18', NULL, NULL, 'No evaluado', 'No aprobado');

-- --------------------------------------------------------

--
-- Estructura de tabla para la tabla `pais`
--

CREATE TABLE `pais` (
  `ID_PAIS` int(11) NOT NULL COMMENT 'ID del pais',
  `NOMBRE_PAIS` varchar(45) NOT NULL COMMENT 'Nombre del pais'
) ENGINE=InnoDB DEFAULT CHARSET=utf8;

--
-- Volcado de datos para la tabla `pais`
--

INSERT INTO `pais` (`ID_PAIS`, `NOMBRE_PAIS`) VALUES
(1, 'AFGANISTÁN'),
(2, 'ALBANIA'),
(3, 'ALEMANIA'),
(4, 'ANDORRA'),
(5, 'ANGOLA'),
(6, 'ANGUILA'),
(7, 'ANTÁRTIDA'),
(8, 'ANTIGUA Y BARBUDA'),
(9, 'ARABIA SAUDITA'),
(10, 'ARGELIA'),
(11, 'ARGENTINA'),
(12, 'ARMENIA'),
(13, 'ARUBA'),
(14, 'AUSTRALIA'),
(15, 'AUSTRIA'),
(16, 'AZERBAIYÁN'),
(17, 'BAHAMAS'),
(18, 'BANGLADÉS'),
(19, 'BARBADOS'),
(20, 'BARÉIN'),
(21, 'BÉLGICA'),
(22, 'BELICE'),
(23, 'BENÍN'),
(24, 'BERMUDAS'),
(25, 'BIELORRUSIA'),
(26, 'BOLIVIA'),
(27, 'BOSNIA Y HERZEGOVINA'),
(28, 'BOTSUANA'),
(29, 'BRASIL'),
(30, 'BRUNÉI DARUSSALAM'),
(31, 'BULGARIA'),
(32, 'BURKINA FASO'),
(33, 'BURUNDI'),
(34, 'BUTÁN'),
(35, 'CABO VERDE'),
(36, 'CAMBOYA'),
(37, 'CAMERÚN'),
(38, 'CANADÁ'),
(39, 'CHAD'),
(40, 'CHILE'),
(41, 'CHINA'),
(42, 'CHIPRE'),
(43, 'COLOMBIA'),
(44, 'COMORAS'),
(45, 'CONGO'),
(46, 'COREA DEL NORTE'),
(47, 'COREA DEL SUR'),
(48, 'COSTA DE MARFIL'),
(49, 'COSTA RICA'),
(50, 'CROACIA'),
(51, 'CUBA'),
(52, 'CURAÇAO'),
(53, 'DINAMARCA'),
(54, 'DOMINICA'),
(55, 'ECUADOR'),
(56, 'EGIPTO'),
(57, 'EL SALVADOR'),
(58, 'EMIRATOS ÁRABES UNIDOS'),
(59, 'ERITREA'),
(60, 'ESLOVAQUIA'),
(61, 'ESLOVENIA'),
(62, 'ESPAÑA'),
(63, 'ESTADOS UNIDOS'),
(64, 'ESTONIA'),
(65, 'ETIOPÍA'),
(66, 'FILIPINAS'),
(67, 'FINLANDIA'),
(68, 'FIYI'),
(69, 'FRANCIA'),
(70, 'GABÓN'),
(71, 'GAMBIA'),
(72, 'GEORGIA'),
(73, 'GEORGIA DEL SUR Y LAS ISLAS SANDWICH DEL SUR'),
(74, 'GHANA'),
(75, 'GIBRALTAR'),
(76, 'GRANADA'),
(77, 'GRECIA'),
(78, 'GROENLANDIA'),
(79, 'GUADALUPE'),
(80, 'GUAM'),
(81, 'GUATEMALA'),
(82, 'GUAYANA FRANCESA'),
(83, 'GUERNSEY'),
(84, 'GUINEA'),
(85, 'GUINEA ECUATORIAL'),
(86, 'GUINEA-BISÁU'),
(87, 'GUYANA'),
(88, 'HAITÍ'),
(89, 'HONDURAS'),
(90, 'HONG KONG'),
(91, 'HUNGRÍA'),
(92, 'INDIA'),
(93, 'INDONESIA'),
(94, 'IRAK'),
(95, 'IRÁN'),
(96, 'IRLANDA'),
(97, 'ISLA BOUVET'),
(98, 'ISLA DE MAN'),
(99, 'ISLA DE NAVIDAD'),
(100, 'ISLA HEARD E ISLAS MCDONALD'),
(101, 'ISLA NORFOLK'),
(102, 'ISLANDIA'),
(103, 'ISLAS ÅLAND'),
(104, 'ISLAS CAIMÁN'),
(105, 'ISLAS COCOS (KEELING)'),
(106, 'ISLAS COOK'),
(107, 'ISLAS FALKLAND (MALVINAS)'),
(108, 'ISLAS FEROE'),
(109, 'ISLAS MARIANAS DEL NORTE'),
(110, 'ISLAS MARSHALL'),
(111, 'ISLAS SALOMÓN'),
(112, 'ISLAS TURCAS Y CAICOS'),
(113, 'ISLAS ULTRAMARINAS MENORES DE ESTADOS UNIDOS'),
(114, 'ISLAS VÍRGENES (BRITÁNICAS)'),
(115, 'ISLAS VÍRGENES (EE.UU.)'),
(116, 'ISRAEL'),
(117, 'ITALIA'),
(118, 'JAMAICA'),
(119, 'JAPÓN'),
(120, 'JERSEY'),
(121, 'JORDANIA'),
(122, 'KAZAJISTÁN'),
(123, 'KENIA'),
(124, 'KIRGUISTÁN'),
(125, 'KIRIBATI'),
(126, 'KUWAIT'),
(127, 'LAOS'),
(128, 'LESOTO'),
(129, 'LETONIA'),
(130, 'LÍBANO'),
(131, 'LIBERIA'),
(132, 'LIBIA'),
(133, 'LIECHTENSTEIN'),
(134, 'LITUANIA'),
(135, 'LUXEMBURGO'),
(136, 'MACAO'),
(137, 'MACEDONIA (ARY)'),
(138, 'MADAGASCAR'),
(139, 'MALASIA'),
(140, 'MALAUI'),
(141, 'MALDIVAS'),
(142, 'MALÍ'),
(143, 'MALTA'),
(144, 'MARRUECOS'),
(145, 'MARTINICA'),
(146, 'MAURICIO'),
(147, 'MAURITANIA'),
(148, 'MAYOTTE'),
(149, 'MÉXICO'),
(150, 'MICRONESIA'),
(151, 'MOLDAVIA'),
(152, 'MÓNACO'),
(153, 'MONGOLIA'),
(154, 'MONTENEGRO'),
(155, 'MONTSERRAT'),
(156, 'MOZAMBIQUE'),
(157, 'MYANMAR'),
(158, 'NAMIBIA'),
(159, 'NAURU'),
(160, 'NEPAL'),
(161, 'NICARAGUA'),
(162, 'NÍGER'),
(163, 'NIGERIA'),
(164, 'NIUE'),
(165, 'NORUEGA'),
(166, 'NUEVA CALEDONIA'),
(167, 'NUEVA ZELANDA'),
(168, 'OMÁN'),
(169, 'PAÍSES BAJOS'),
(170, 'PAKISTÁN'),
(171, 'PALAOS'),
(172, 'PALESTINA (ANP)'),
(173, 'PANAMÁ'),
(174, 'PAPÚA NUEVA GUINEA'),
(175, 'PARAGUAY'),
(176, 'PERÚ'),
(177, 'PITCAIRN'),
(178, 'POLINESIA FRANCESA'),
(179, 'POLONIA'),
(180, 'PORTUGAL'),
(181, 'PUERTO RICO'),
(182, 'QATAR'),
(183, 'REINO UNIDO'),
(184, 'REPÚBLICA CENTROAFRICANA'),
(185, 'REPÚBLICA CHECA'),
(186, 'REPÚBLICA DEMOCRÁTICA DEL CONGO'),
(187, 'REPÚBLICA DOMINICANA'),
(188, 'REUNIÓN'),
(189, 'RUANDA'),
(190, 'RUMANIA'),
(191, 'RUSIA'),
(192, 'SAHARA OCCIDENTAL'),
(193, 'SAMOA'),
(194, 'SAMOA AMERICANA'),
(195, 'SAN BARTOLOMÉ'),
(196, 'SAN CRISTÓBAL Y NIEVES'),
(197, 'SAN MARINO'),
(198, 'SAN MARTÍN (PARTE FRANCESA)'),
(199, 'SAN PEDRO Y MIQUELÓN'),
(200, 'SAN VICENTE Y LAS GRANADINAS'),
(201, 'SANTA HELENA'),
(202, 'SANTA LUCÍA'),
(203, 'SANTA SEDE (CIUDAD ESTADO VATICANO)'),
(204, 'SANTO TOMÉ Y PRÍNCIPE'),
(205, 'SENEGAL'),
(206, 'SERBIA'),
(207, 'SEYCHELLES'),
(208, 'SIERRA LEONA'),
(209, 'SINGAPUR'),
(210, 'SINT MAARTEN (PARTE NEERLANDESA)'),
(211, 'SIRIA'),
(212, 'SOMALIA'),
(213, 'SRI LANKA'),
(214, 'SUAZILANDIA'),
(215, 'SUDÁFRICA'),
(216, 'SUDÁN'),
(217, 'SUDÁN DEL SUR'),
(218, 'SUECIA'),
(219, 'SUIZA'),
(220, 'SURINAM'),
(221, 'SVALBARD Y JAN MAYEN'),
(222, 'TAILANDIA'),
(223, 'TAIWÁN'),
(224, 'TANZANIA'),
(225, 'TAYIKISTÁN'),
(226, 'TERRITORIO BRITÁNICO DEL OCÉANO ÍNDICO'),
(227, 'TERRITORIOS AUSTRALES FRANCESES'),
(228, 'TIMOR ORIENTAL'),
(229, 'TOGO'),
(230, 'TOKELAU'),
(231, 'TONGA'),
(232, 'TRINIDAD Y TOBAGO'),
(233, 'TÚNEZ'),
(234, 'TURKMENISTÁN'),
(235, 'TURQUÍA'),
(236, 'TUVALU'),
(237, 'UCRANIA'),
(238, 'UGANDA'),
(239, 'URUGUAY'),
(240, 'UZBEKISTÁN'),
(241, 'VANUATU'),
(242, 'VENEZUELA'),
(243, 'VIET NAM'),
(244, 'WALLIS Y FUTUNA');

-- --------------------------------------------------------

--
-- Estructura de tabla para la tabla `persona`
--

CREATE TABLE `persona` (
  `NOMBRE1` varchar(45) NOT NULL COMMENT 'Primer nombre',
  `NOMBRE2` varchar(45) DEFAULT NULL COMMENT 'Segundo nombre',
  `APELLIDO1` varchar(45) NOT NULL COMMENT 'Primer apellido',
  `APELLIDO2` varchar(45) NOT NULL COMMENT 'Segundo apellido',
  `DOCUMENTO` int(11) NOT NULL COMMENT 'Numero de identificación',
  `TIPODOCUMENTO` int(11) NOT NULL COMMENT 'Tipo de documento',
  `EXP_CIUDAD` int(11) NOT NULL COMMENT 'Ciudad de expedición',
  `DIRECCION` varchar(45) NOT NULL COMMENT 'Dirección de residencia',
  `BARRIO` varchar(45) NOT NULL COMMENT 'Barrio de residencia',
  `RES_CIUDAD` int(11) NOT NULL COMMENT 'Ciudad de residencia',
  `TELEFONO` varchar(45) DEFAULT NULL COMMENT 'Teléfono del aspirante',
  `EMAIL` varchar(45) NOT NULL COMMENT 'Correo electrónico del aspirante',
  `DIRECCION_OFIC` varchar(45) DEFAULT NULL COMMENT 'Dirección de la oficina',
  `OFIC_CIUDAD` int(11) DEFAULT NULL COMMENT 'Ciudad donde se encuentra la oficina',
  `TELEFONO_OFIC` varchar(45) DEFAULT NULL COMMENT 'Teléfono de la oficina',
  `FAX_OFIC` varchar(45) NOT NULL COMMENT 'Numero Fax de la oficina',
  `CELULAR_OFIC` varchar(45) NOT NULL COMMENT 'Numero celular de la oficina',
  `FECHA_NACIMIENTO` date NOT NULL COMMENT 'Fecha de nacimiento del aspirante',
  `CIUDAD_NACIMIENTO` int(11) NOT NULL COMMENT 'Ciudad de nacimiento',
  `SEXO` varchar(45) NOT NULL COMMENT 'Sexo del aspirante',
  `ESTADO_CIVIL` int(11) NOT NULL COMMENT 'Estado civil del aspirante',
  `ESTRATO` varchar(45) NOT NULL COMMENT 'Estrato del aspirante'
) ENGINE=InnoDB DEFAULT CHARSET=utf8;

--
-- Volcado de datos para la tabla `persona`
--

INSERT INTO `persona` (`NOMBRE1`, `NOMBRE2`, `APELLIDO1`, `APELLIDO2`, `DOCUMENTO`, `TIPODOCUMENTO`, `EXP_CIUDAD`, `DIRECCION`, `BARRIO`, `RES_CIUDAD`, `TELEFONO`, `EMAIL`, `DIRECCION_OFIC`, `OFIC_CIUDAD`, `TELEFONO_OFIC`, `FAX_OFIC`, `CELULAR_OFIC`, `FECHA_NACIMIENTO`, `CIUDAD_NACIMIENTO`, `SEXO`, `ESTADO_CIVIL`, `ESTRATO`) VALUES
('Luis ', 'Daniel ', 'Malaver ', 'Mendoza', 123, 1, 764, 'carrera 20 # 31 a 47', 'Ceiba', 1123, '3125554566', 'daniel@gmail.com', 'asd', 1158, '132', '321', '321', '1996-10-08', 673, 'Masculino', 1, '3');

-- --------------------------------------------------------

--
-- Estructura de tabla para la tabla `rol`
--

CREATE TABLE `rol` (
  `ID_T_USUARIO` int(11) NOT NULL COMMENT 'ID de tipo de uduario',
  `NOMBRE_T_USUARIO` varchar(45) NOT NULL COMMENT 'Nombre de tipo de usuario'
) ENGINE=InnoDB DEFAULT CHARSET=utf8;

--
-- Volcado de datos para la tabla `rol`
--

INSERT INTO `rol` (`ID_T_USUARIO`, `NOMBRE_T_USUARIO`) VALUES
(1, 'admin'),
(2, 'aspirante');

-- --------------------------------------------------------

--
-- Estructura de tabla para la tabla `soporte`
--

CREATE TABLE `soporte` (
  `ID_SOPORTE` int(11) NOT NULL COMMENT 'ID de soporte',
  `NOMBRE_SOPORTE` varchar(100) NOT NULL COMMENT 'Nombre del soporte',
  `URL_ARCHIVO` varchar(45) NOT NULL COMMENT 'URL del archivo subido',
  `ID_PERSONA` int(11) NOT NULL COMMENT 'ID de persona',
  `ID_TIPOSOPORTE` int(11) NOT NULL COMMENT 'ID de tipo de soporte',
  `NOMBRE_TMP` varchar(100) NOT NULL COMMENT 'Nombre temporal',
  `VALIDACION` varchar(45) NOT NULL COMMENT '¿El soporte es valido?'
) ENGINE=InnoDB DEFAULT CHARSET=utf8;

--
-- Volcado de datos para la tabla `soporte`
--

INSERT INTO `soporte` (`ID_SOPORTE`, `NOMBRE_SOPORTE`, `URL_ARCHIVO`, `ID_PERSONA`, `ID_TIPOSOPORTE`, `NOMBRE_TMP`, `VALIDACION`) VALUES
(16, 'PAGO', 'soportes/123/Inscripcion/123PAGO.pdf', 123, 2, 'recibo pago.pdf', '0'),
(28, 'DIPLOMA', 'soportes/123/Inscripcion/123DIPLOMA.pdf', 123, 3, 'diploma de grado.pdf', '0'),
(45, 'CEDULA', 'soportes/123/Inscripcion/123CEDULA.pdf', 123, 6, 'Paneles solares.pdf', '0'),
(50, 'EPS', 'soportes/123/Inscripcion/123EPS.pdf', 123, 7, 'recibo pago.pdf', '0'),
(52, 'EGRESADO', 'soportes/123/Inscripcion/123EGRESADO.pdf', 123, 8, 'INDUCTION MOTORS.en.es.pdf', '0'),
(53, 'PREGRADO', 'soportes/123/Inscripcion/123PREGRADO.pdf', 123, 4, 'B05- CAPITULO 5.pdf', '0'),
(54, 'FOTO', 'soportes/123/Inscripcion/123FOTO.pdf', 123, 10, 'foto.pdf', '0'),
(55, 'VOTACION', 'soportes/123/Inscripcion/123VOTACION.pdf', 123, 9, 'INDUCTION MOTORS.en.es.pdf', '0');

-- --------------------------------------------------------

--
-- Estructura de tabla para la tabla `tipo_documento`
--

CREATE TABLE `tipo_documento` (
  `ID_DOCUMENTO` int(11) NOT NULL COMMENT 'ID de documento',
  `NOMB_DOCUMENTO` varchar(45) NOT NULL COMMENT 'Nombre de tipo documento'
) ENGINE=InnoDB DEFAULT CHARSET=utf8;

--
-- Volcado de datos para la tabla `tipo_documento`
--

INSERT INTO `tipo_documento` (`ID_DOCUMENTO`, `NOMB_DOCUMENTO`) VALUES
(1, 'CÉDULA DE CIUDADANÍA'),
(2, 'TARJETA DE INDENTIDAD'),
(3, 'CEDULA EXTRANJERA'),
(4, 'PASAPORTE');

-- --------------------------------------------------------

--
-- Estructura de tabla para la tabla `tipo_soporte`
--

CREATE TABLE `tipo_soporte` (
  `ID_TIPOSOPORTE` int(11) NOT NULL COMMENT 'ID de tipo de soporte',
  `NOMBRE` varchar(45) NOT NULL COMMENT 'Nombre de tipo de soporte'
) ENGINE=InnoDB DEFAULT CHARSET=utf8;

--
-- Volcado de datos para la tabla `tipo_soporte`
--

INSERT INTO `tipo_soporte` (`ID_TIPOSOPORTE`, `NOMBRE`) VALUES
(2, 'PAGO'),
(3, 'DIPLOMA'),
(4, 'PREGRADO'),
(5, 'RESOLUCION'),
(6, 'CEDULA'),
(7, 'EPS'),
(8, 'EGRESADO'),
(9, 'VOTACION'),
(10, 'FOTO');

-- --------------------------------------------------------

--
-- Estructura de tabla para la tabla `usuarios`
--

CREATE TABLE `usuarios` (
  `ID_USUARIO` int(11) NOT NULL COMMENT 'ID de usuario',
  `CONTRASENA` varchar(45) NOT NULL COMMENT 'Contraseña',
  `ID_ROL` int(11) NOT NULL COMMENT 'ID de rol'
) ENGINE=InnoDB DEFAULT CHARSET=utf8;

--
-- Volcado de datos para la tabla `usuarios`
--

INSERT INTO `usuarios` (`ID_USUARIO`, `CONTRASENA`, `ID_ROL`) VALUES
(123, '98c7e9a3bb6eeb28264891e7d9f2fd81', 2),
(1234, '590f0337aa046a66e3e21453c5396982', 1),
(1121906185, 'e242a7ea826984da06ef20123a85d209', 1),
(1121943091, '9f2896b67e216b923b3df38efea3ac40', 2);

--
-- Índices para tablas volcadas
--

--
-- Indices de la tabla `cabecera`
--
ALTER TABLE `cabecera`
  ADD PRIMARY KEY (`ID_CABECERA`),
  ADD KEY `CATEGORIA_idx` (`CATEGORIA`),
  ADD KEY `PREG_CABE` (`ID_PREGUNTAS`);

--
-- Indices de la tabla `categoria`
--
ALTER TABLE `categoria`
  ADD PRIMARY KEY (`ID_CATEGORIA`);

--
-- Indices de la tabla `ciudad`
--
ALTER TABLE `ciudad`
  ADD PRIMARY KEY (`ID_CIUDAD`),
  ADD KEY `DEPARTAMENTO_idx` (`ID_DPTO`);

--
-- Indices de la tabla `departamento`
--
ALTER TABLE `departamento`
  ADD PRIMARY KEY (`ID_DPTO`),
  ADD KEY `PAIS_idx` (`ID_PAIS`);

--
-- Indices de la tabla `estado_civil`
--
ALTER TABLE `estado_civil`
  ADD PRIMARY KEY (`ID`);

--
-- Indices de la tabla `info_academica`
--
ALTER TABLE `info_academica`
  ADD PRIMARY KEY (`ID_INFO_ACADEMICA`),
  ADD KEY `PREG_ACADEMICA` (`ID_PREGUNTAS`);

--
-- Indices de la tabla `info_idiomas`
--
ALTER TABLE `info_idiomas`
  ADD PRIMARY KEY (`ID_IDIOMAS`),
  ADD KEY `PREG_IDIOMAS` (`ID_PREGUNTAS`);

--
-- Indices de la tabla `info_laboral`
--
ALTER TABLE `info_laboral`
  ADD PRIMARY KEY (`ID_LABORAL`),
  ADD KEY `PREG_LABORAL` (`ID_PREGUNTAS`);

--
-- Indices de la tabla `info_preguntas`
--
ALTER TABLE `info_preguntas`
  ADD PRIMARY KEY (`ID_PREGUNTAS`),
  ADD KEY `EMP_CIUDAD_idx` (`EMP_CIUDAD`);

--
-- Indices de la tabla `pais`
--
ALTER TABLE `pais`
  ADD PRIMARY KEY (`ID_PAIS`);

--
-- Indices de la tabla `persona`
--
ALTER TABLE `persona`
  ADD PRIMARY KEY (`DOCUMENTO`),
  ADD KEY `DOCUMENTO_idx` (`DOCUMENTO`),
  ADD KEY `EXP_CIUDAD_idx` (`EXP_CIUDAD`),
  ADD KEY `RES_CIUDAD_idx` (`RES_CIUDAD`),
  ADD KEY `NAC_CIUDAD_idx` (`CIUDAD_NACIMIENTO`),
  ADD KEY `OFIC_CIUDAD_idx` (`OFIC_CIUDAD`),
  ADD KEY `TIPO_DOCUMENTO_idx` (`TIPODOCUMENTO`),
  ADD KEY `ESTADO_CIVIL_idx` (`ESTADO_CIVIL`);

--
-- Indices de la tabla `rol`
--
ALTER TABLE `rol`
  ADD PRIMARY KEY (`ID_T_USUARIO`);

--
-- Indices de la tabla `soporte`
--
ALTER TABLE `soporte`
  ADD PRIMARY KEY (`ID_SOPORTE`),
  ADD KEY `TIPO_SOPORTE_idx` (`ID_TIPOSOPORTE`),
  ADD KEY `PERS_SOPORTE` (`ID_PERSONA`);

--
-- Indices de la tabla `tipo_documento`
--
ALTER TABLE `tipo_documento`
  ADD PRIMARY KEY (`ID_DOCUMENTO`);

--
-- Indices de la tabla `tipo_soporte`
--
ALTER TABLE `tipo_soporte`
  ADD PRIMARY KEY (`ID_TIPOSOPORTE`);

--
-- Indices de la tabla `usuarios`
--
ALTER TABLE `usuarios`
  ADD PRIMARY KEY (`ID_USUARIO`),
  ADD KEY `ROL_idx` (`ID_ROL`);

--
-- AUTO_INCREMENT de las tablas volcadas
--

--
-- AUTO_INCREMENT de la tabla `cabecera`
--
ALTER TABLE `cabecera`
  MODIFY `ID_CABECERA` int(11) NOT NULL AUTO_INCREMENT COMMENT 'ID de la cabecera', AUTO_INCREMENT=14;

--
-- AUTO_INCREMENT de la tabla `categoria`
--
ALTER TABLE `categoria`
  MODIFY `ID_CATEGORIA` int(11) NOT NULL AUTO_INCREMENT COMMENT 'ID de la categoria', AUTO_INCREMENT=4;

--
-- AUTO_INCREMENT de la tabla `ciudad`
--
ALTER TABLE `ciudad`
  MODIFY `ID_CIUDAD` int(11) NOT NULL AUTO_INCREMENT COMMENT 'ID de la ciudad', AUTO_INCREMENT=1364;

--
-- AUTO_INCREMENT de la tabla `departamento`
--
ALTER TABLE `departamento`
  MODIFY `ID_DPTO` int(11) NOT NULL AUTO_INCREMENT COMMENT 'ID del departamento', AUTO_INCREMENT=277;

--
-- AUTO_INCREMENT de la tabla `estado_civil`
--
ALTER TABLE `estado_civil`
  MODIFY `ID` int(11) NOT NULL AUTO_INCREMENT COMMENT 'ID del estado civil', AUTO_INCREMENT=8;

--
-- AUTO_INCREMENT de la tabla `info_academica`
--
ALTER TABLE `info_academica`
  MODIFY `ID_INFO_ACADEMICA` int(11) NOT NULL AUTO_INCREMENT COMMENT 'ID de info académica', AUTO_INCREMENT=157;

--
-- AUTO_INCREMENT de la tabla `info_idiomas`
--
ALTER TABLE `info_idiomas`
  MODIFY `ID_IDIOMAS` int(11) NOT NULL AUTO_INCREMENT COMMENT 'ID de info idiomas', AUTO_INCREMENT=382;

--
-- AUTO_INCREMENT de la tabla `info_laboral`
--
ALTER TABLE `info_laboral`
  MODIFY `ID_LABORAL` int(11) NOT NULL AUTO_INCREMENT COMMENT 'ID de info laboral', AUTO_INCREMENT=174;

--
-- AUTO_INCREMENT de la tabla `pais`
--
ALTER TABLE `pais`
  MODIFY `ID_PAIS` int(11) NOT NULL AUTO_INCREMENT COMMENT 'ID del pais', AUTO_INCREMENT=245;

--
-- AUTO_INCREMENT de la tabla `rol`
--
ALTER TABLE `rol`
  MODIFY `ID_T_USUARIO` int(11) NOT NULL AUTO_INCREMENT COMMENT 'ID de tipo de uduario', AUTO_INCREMENT=3;

--
-- AUTO_INCREMENT de la tabla `soporte`
--
ALTER TABLE `soporte`
  MODIFY `ID_SOPORTE` int(11) NOT NULL AUTO_INCREMENT COMMENT 'ID de soporte', AUTO_INCREMENT=56;

--
-- AUTO_INCREMENT de la tabla `tipo_documento`
--
ALTER TABLE `tipo_documento`
  MODIFY `ID_DOCUMENTO` int(11) NOT NULL AUTO_INCREMENT COMMENT 'ID de documento', AUTO_INCREMENT=5;

--
-- AUTO_INCREMENT de la tabla `tipo_soporte`
--
ALTER TABLE `tipo_soporte`
  MODIFY `ID_TIPOSOPORTE` int(11) NOT NULL AUTO_INCREMENT COMMENT 'ID de tipo de soporte', AUTO_INCREMENT=11;

--
-- Restricciones para tablas volcadas
--

--
-- Filtros para la tabla `cabecera`
--
ALTER TABLE `cabecera`
  ADD CONSTRAINT `CATEGORIA` FOREIGN KEY (`CATEGORIA`) REFERENCES `categoria` (`ID_CATEGORIA`) ON DELETE CASCADE ON UPDATE CASCADE,
  ADD CONSTRAINT `PREG_CABE` FOREIGN KEY (`ID_PREGUNTAS`) REFERENCES `info_preguntas` (`ID_PREGUNTAS`) ON DELETE CASCADE ON UPDATE CASCADE;

--
-- Filtros para la tabla `ciudad`
--
ALTER TABLE `ciudad`
  ADD CONSTRAINT `DEPARTAMENTO` FOREIGN KEY (`ID_DPTO`) REFERENCES `departamento` (`ID_DPTO`) ON DELETE CASCADE ON UPDATE CASCADE;

--
-- Filtros para la tabla `departamento`
--
ALTER TABLE `departamento`
  ADD CONSTRAINT `PAIS` FOREIGN KEY (`ID_PAIS`) REFERENCES `pais` (`ID_PAIS`) ON DELETE CASCADE ON UPDATE CASCADE;

--
-- Filtros para la tabla `info_academica`
--
ALTER TABLE `info_academica`
  ADD CONSTRAINT `PREG_ACADEMICA` FOREIGN KEY (`ID_PREGUNTAS`) REFERENCES `info_preguntas` (`ID_PREGUNTAS`) ON DELETE CASCADE ON UPDATE CASCADE;

--
-- Filtros para la tabla `info_idiomas`
--
ALTER TABLE `info_idiomas`
  ADD CONSTRAINT `PREG_IDIOMAS` FOREIGN KEY (`ID_PREGUNTAS`) REFERENCES `info_preguntas` (`ID_PREGUNTAS`) ON DELETE CASCADE ON UPDATE CASCADE;

--
-- Filtros para la tabla `info_laboral`
--
ALTER TABLE `info_laboral`
  ADD CONSTRAINT `PREG_LABORAL` FOREIGN KEY (`ID_PREGUNTAS`) REFERENCES `info_preguntas` (`ID_PREGUNTAS`) ON DELETE CASCADE ON UPDATE CASCADE;

--
-- Filtros para la tabla `info_preguntas`
--
ALTER TABLE `info_preguntas`
  ADD CONSTRAINT `EMP_CIUDAD` FOREIGN KEY (`EMP_CIUDAD`) REFERENCES `ciudad` (`ID_CIUDAD`) ON DELETE CASCADE ON UPDATE CASCADE,
  ADD CONSTRAINT `PREG_PERSONA` FOREIGN KEY (`ID_PREGUNTAS`) REFERENCES `persona` (`DOCUMENTO`) ON DELETE CASCADE ON UPDATE CASCADE;

--
-- Filtros para la tabla `persona`
--
ALTER TABLE `persona`
  ADD CONSTRAINT `DOCUMENTO` FOREIGN KEY (`DOCUMENTO`) REFERENCES `usuarios` (`ID_USUARIO`) ON DELETE CASCADE ON UPDATE CASCADE,
  ADD CONSTRAINT `ESTADO_CIVIL` FOREIGN KEY (`ESTADO_CIVIL`) REFERENCES `estado_civil` (`ID`) ON DELETE CASCADE ON UPDATE CASCADE,
  ADD CONSTRAINT `EXP_CIUDAD` FOREIGN KEY (`EXP_CIUDAD`) REFERENCES `ciudad` (`ID_CIUDAD`) ON DELETE CASCADE ON UPDATE CASCADE,
  ADD CONSTRAINT `NAC_CIUDAD` FOREIGN KEY (`CIUDAD_NACIMIENTO`) REFERENCES `ciudad` (`ID_CIUDAD`) ON DELETE CASCADE ON UPDATE CASCADE,
  ADD CONSTRAINT `OFIC_CIUDAD` FOREIGN KEY (`OFIC_CIUDAD`) REFERENCES `ciudad` (`ID_CIUDAD`) ON DELETE CASCADE ON UPDATE CASCADE,
  ADD CONSTRAINT `RES_CIUDAD` FOREIGN KEY (`RES_CIUDAD`) REFERENCES `ciudad` (`ID_CIUDAD`) ON DELETE CASCADE ON UPDATE CASCADE,
  ADD CONSTRAINT `TIPO_DOCUMENTO` FOREIGN KEY (`TIPODOCUMENTO`) REFERENCES `tipo_documento` (`ID_DOCUMENTO`) ON DELETE CASCADE ON UPDATE CASCADE;

--
-- Filtros para la tabla `soporte`
--
ALTER TABLE `soporte`
  ADD CONSTRAINT `PERS_SOPORTE` FOREIGN KEY (`ID_PERSONA`) REFERENCES `persona` (`DOCUMENTO`) ON DELETE CASCADE ON UPDATE CASCADE,
  ADD CONSTRAINT `TIPO_SOPORTE` FOREIGN KEY (`ID_TIPOSOPORTE`) REFERENCES `tipo_soporte` (`ID_TIPOSOPORTE`) ON DELETE CASCADE ON UPDATE CASCADE;

--
-- Filtros para la tabla `usuarios`
--
ALTER TABLE `usuarios`
  ADD CONSTRAINT `ROL` FOREIGN KEY (`ID_ROL`) REFERENCES `rol` (`ID_T_USUARIO`) ON DELETE CASCADE ON UPDATE CASCADE;
COMMIT;

/*!40101 SET CHARACTER_SET_CLIENT=@OLD_CHARACTER_SET_CLIENT */;
/*!40101 SET CHARACTER_SET_RESULTS=@OLD_CHARACTER_SET_RESULTS */;
/*!40101 SET COLLATION_CONNECTION=@OLD_COLLATION_CONNECTION */;
